gmde_name,bfs_nr,stand
Aadorf,4551,2024-03-01
Aarau,4001,2024-03-01
Aarberg,301,2024-03-01
Aarburg,4271,2024-03-01
Aarwangen,321,2024-03-01
Abtwil,4221,2024-03-01
Aclens,5621,2024-03-01
Acquarossa,5048,2024-03-01
Adelboden,561,2024-03-01
Adligenswil,1051,2024-03-01
Adlikon,21,2022-05-01
Adliswil,131,2024-03-01
Aedermannsdorf,2421,2024-03-01
Aefligen,401,2024-03-01
Aegerten,731,2024-03-01
Aesch (BL),2761,2024-03-01
Aesch (LU),1021,2024-03-01
Aesch (ZH),241,2024-03-01
Aeschi (SO),2511,2024-03-01
Aeschi bei Spiez,562,2024-03-01
Aetigkofen,2441,2013-04-14
Aetingen,2442,2013-04-14
Aeugst am Albis,1,2024-03-01
Affeltrangen,4711,2024-03-01
Affoltern am Albis,2,2024-03-01
Affoltern im Emmental,951,2024-03-01
Agarn,6101,2024-03-01
Agiez,5742,2024-03-01
Agno,5141,2024-03-01
Aigle,5401,2024-03-01
Aire-la-Ville,6601,2024-03-01
Airolo,5061,2024-03-01
Alberswil,1121,2024-03-01
Albinen,6102,2024-03-01
Albligen,851,2010-11-21
Albula/Alvra,3542,2024-03-01
Alchenstorf,402,2024-03-01
Allaman,5851,2024-03-01
Alle,6771,2024-03-01
Allmendingen,630,2024-03-01
Allschwil,2762,2024-03-01
Almens,3631,2014-05-01
Alpnach,1401,2024-03-01
Alpthal,1361,2024-03-01
Altbüron,1122,2024-03-01
Altdorf (UR),1201,2024-03-01
Altendorf,1341,2024-03-01
Alterswil,2291,2020-10-18
Altikon,211,2024-03-01
Altishofen,1123,2024-03-01
Altnau,4641,2024-03-01
Alto Malcantone,5237,2024-03-01
Altstätten,3251,2024-03-01
Altwis,1022,2020-10-18
Alvaneu,3511,2014-05-01
Alvaschein,3501,2014-05-01
Amden,3311,2024-03-01
Amlikon-Bissegg,4881,2024-03-01
Ammerswil,4191,2024-03-01
Amriswil,4461,2024-03-01
Amsoldingen,921,2024-03-01
Andeer,3701,2024-03-01
Andelfingen,291,2024-03-01
Andermatt,1202,2024-03-01
Andiast,3611,2017-04-02
Andwil (SG),3441,2024-03-01
Anières,6602,2024-03-01
Anniviers,6252,2024-03-01
Anwil,2841,2024-03-01
Anzonico,5062,2012-01-01
Appenzell,3101,2024-03-01
Apples,5421,2021-04-18
Aranno,5143,2024-03-01
Arbaz,6261,2024-03-01
Arbedo-Castione,5001,2024-03-01
Arboldswil,2881,2024-03-01
Arbon,4401,2024-03-01
Arch,381,2024-03-01
Arconciel,2171,2020-10-18
Ardez,3741,2014-05-01
Ardon,6021,2024-03-01
Arisdorf,2821,2024-03-01
Aristau,4222,2024-03-01
Arlesheim,2763,2024-03-01
Arnex-sur-Nyon,5701,2024-03-01
Arnex-sur-Orbe,5743,2024-03-01
Arni (AG),4061,2024-03-01
Arni (BE),602,2024-03-01
Arogno,5144,2024-03-01
Arosa,3921,2024-03-01
Arth,1362,2024-03-01
Arvigo,3801,2014-05-01
Arzier,5702,2014-01-01
Arzier-Le Muids,5702,2024-03-01
Ascona,5091,2024-03-01
Assens,5511,2024-03-01
Astano,5146,2024-03-01
Attalens,2321,2024-03-01
Attelwil,4272,2018-04-01
Attinghausen,1203,2024-03-01
Attiswil,971,2024-03-01
Au (SG),3231,2024-03-01
Aubonne,5422,2024-03-01
Auboranges,2061,2024-03-01
Auenstein,4091,2024-03-01
Augst,2822,2024-03-01
Ausserberg,6191,2024-03-01
Auswil,322,2024-03-01
Autafond,2172,2015-01-01
Autigny,2173,2024-03-01
Auvernier,6401,2012-04-01
Auw,4223,2024-03-01
Avegno Gordevio,5324,2024-03-01
Avenches,5451,2024-03-01
Avers,3681,2024-03-01
Avry,2174,2024-03-01
Avully,6603,2024-03-01
Avusy,6604,2024-03-01
Ayent,6082,2024-03-01
Baar,1701,2024-03-01
Bachenbülach,51,2024-03-01
Bachs,81,2024-03-01
Bad Ragaz,3291,2024-03-01
Bad Zurzach,4323,2021-07-01
Baden,4021,2024-03-01
Bagnes,6031,2020-10-18
Baldingen,4301,2021-07-01
Balerna,5242,2024-03-01
Balgach,3232,2024-03-01
Ballaigues,5744,2024-03-01
Ballens,5423,2024-03-01
Ballwil,1023,2024-03-01
Balm bei Günsberg,2541,2024-03-01
Balsthal,2422,2024-03-01
Baltschieder,6281,2024-03-01
Bangerten,532,2015-01-01
Bannwil,323,2024-03-01
Barberêche,2243,2016-07-01
Bardonnex,6605,2024-03-01
Bargen (BE),302,2024-03-01
Bargen (SH),2931,2024-03-01
Bas-Intyamon,2162,2024-03-01
Bas-Vully,2280,2015-01-01
Basadingen-Schlattingen,4536,2024-03-01
Basel,2701,2024-03-01
Basse-Allaine,6807,2024-03-01
Basse-Vendline,6812,2024-03-01
Bassecourt,6701,2012-04-01
Bassersdorf,52,2024-03-01
Bassins,5703,2024-03-01
Bauen,1204,2020-10-18
Baulmes,5745,2024-03-01
Bauma,297,2024-03-01
Bavois,5746,2024-03-01
Beatenberg,571,2024-03-01
Beckenried,1501,2024-03-01
Bedano,5148,2024-03-01
Bedigliora,5149,2024-03-01
Bedretto,5063,2024-03-01
Beggingen,2951,2024-03-01
Begnins,5704,2024-03-01
Beinwil (Freiamt),4224,2024-03-01
Beinwil (SO),2612,2024-03-01
Beinwil am See,4131,2024-03-01
Belfaux,2175,2024-03-01
Bellach,2542,2024-03-01
Bellerive (VD),5452,2011-01-01
Bellevue,6606,2024-03-01
Bellikon,4022,2024-03-01
Bellinzona,5002,2024-03-01
Bellmund,732,2024-03-01
Bellwald,6052,2024-03-01
Belmont-Broye,2053,2024-03-01
Belmont-sur-Lausanne,5581,2024-03-01
Belmont-sur-Yverdon,5902,2024-03-01
Belp,861,2024-03-01
Belpberg,862,2011-07-01
Belprahon,681,2024-03-01
Benken (SG),3312,2024-03-01
Benken (ZH),22,2024-03-01
Bennwil,2882,2024-03-01
Benzenschwil,4225,2011-07-01
Bercher,5512,2024-03-01
Berg (SG),3211,2024-03-01
Berg (TG),4891,2024-03-01
Berg am Irchel,23,2024-03-01
Bergdietikon,4023,2024-03-01
Bergün Filisur,3544,2024-03-01
Bergün/Bravuogn,3521,2017-04-02
Berikon,4062,2024-03-01
Beringen,2932,2024-03-01
Berken,972,2024-03-01
Berlingen,4801,2024-03-01
Bern,351,2024-03-01
Berneck,3233,2024-03-01
Bernex,6607,2024-03-01
Berolle,5424,2024-03-01
Beromünster,1081,2024-03-01
Bertschikon,212,2013-04-14
Besazio,5243,2013-01-01
Besenbüren,4226,2024-03-01
Betschwanden,1601,2010-11-21
Betten,6171,2013-04-14
Bettenhausen,973,2024-03-01
Bettens,5471,2024-03-01
Bettingen,2702,2024-03-01
Bettlach,2543,2024-03-01
Bettmeralp,6205,2024-03-01
Bettwiesen,4716,2024-03-01
Bettwil,4227,2024-03-01
Beurnevésin,6773,2023-01-01
Bevaix,6402,2017-04-02
Bever,3781,2024-03-01
Bex,5402,2024-03-01
Biasca,5281,2024-03-01
Biberist,2513,2024-03-01
Bibern (SO),2444,2013-04-14
Biberstein,4002,2024-03-01
Bichelsee-Balterswil,4721,2024-03-01
Biel-Benken,2764,2024-03-01
Biel/Bienne,371,2024-03-01
Biezwil,2445,2024-03-01
Biglen,603,2024-03-01
Billens-Hennens,2063,2024-03-01
Bilten,1602,2010-11-21
Binn,6054,2024-03-01
Binningen,2765,2024-03-01
Bioggio,5151,2024-03-01
Bioley-Magnoux,5903,2024-03-01
Bioley-Orjulaz,5513,2021-04-18
Birgisch,6001,2012-04-01
Birmensdorf (ZH),242,2024-03-01
Birmenstorf (AG),4024,2024-03-01
Bironico,5153,2010-04-25
Birr,4092,2024-03-01
Birrhard,4093,2024-03-01
Birrwil,4132,2024-03-01
Birsfelden,2766,2024-03-01
Birwinken,4901,2024-03-01
Bischofszell,4471,2024-03-01
Bissone,5154,2024-03-01
Bister,6172,2024-03-01
Bitsch,6173,2024-03-01
Bivio,3531,2015-01-01
Bière,5425,2024-03-01
Blatten,6192,2024-03-01
Blauen,2781,2024-03-01
Bleienbach,324,2024-03-01
Bleiken bei Oberdiessbach,604,2013-04-14
Blenio,5049,2024-03-01
Blitzingen,6055,2016-07-01
Blonay,5881,2021-07-01
Blonay - Saint-Légier,5892,2024-03-01
Blumenstein,922,2024-03-01
Bodio,5064,2024-03-01
Bofflens,5747,2024-03-01
Bogis-Bossey,5705,2024-03-01
Bogno,5155,2013-01-01
Bois-d'Amont,2238,2024-03-01
Bolken,2514,2024-03-01
Bolligen,352,2024-03-01
Bollodingen,974,2010-11-21
Boltigen,791,2024-03-01
Bonaduz,3721,2024-03-01
Boncourt,6774,2024-03-01
Bonfol,6775,2023-01-01
Boningen,2571,2024-03-01
Boniswil,4192,2024-03-01
Bonstetten,3,2024-03-01
Bonvillars,5551,2024-03-01
Boppelsen,82,2024-03-01
Borex,5706,2024-03-01
Bosco/Gurin,5304,2024-03-01
Bossonnens,2323,2024-03-01
Boswil,4228,2024-03-01
Bottens,5514,2024-03-01
Bottenwil,4273,2024-03-01
Botterens,2123,2024-03-01
Bottighofen,4643,2024-03-01
Bottmingen,2767,2024-03-01
Boudevilliers,6471,2012-04-01
Boudry,6404,2024-03-01
Bougy-Villars,5426,2024-03-01
Boulens,5661,2024-03-01
Bourg-Saint-Pierre,6032,2024-03-01
Bourg-en-Lavaux,5613,2024-03-01
Bournens,5472,2024-03-01
Bourrignon,6703,2024-03-01
Boussens,5473,2024-03-01
Bovernier,6131,2024-03-01
Bowil,605,2024-03-01
Boécourt,6702,2024-03-01
Braggio,3803,2014-05-01
Braunau,4723,2024-03-01
Braunwald,1603,2010-11-21
Bregaglia,3792,2024-03-01
Breggia,5269,2024-03-01
Breil/Brigels,3981,2024-03-01
Breitenbach,2613,2024-03-01
Bremblens,5622,2024-03-01
Bremgarten (AG),4063,2024-03-01
Bremgarten bei Bern,353,2024-03-01
Brenles,5662,2016-07-01
Brenzikofen,606,2024-03-01
Bressaucourt,6776,2012-04-01
Bretigny-sur-Morrens,5515,2024-03-01
Bretonnières,5748,2024-03-01
Bretzwil,2883,2024-03-01
Brienz (BE),573,2024-03-01
Brienz/Brinzauls,3512,2014-05-01
Brienzwiler,574,2024-03-01
Brig-Glis,6002,2024-03-01
Brione (Verzasca),5095,2020-10-17
Brione sopra Minusio,5096,2024-03-01
Brislach,2782,2024-03-01
Brissago,5097,2024-03-01
Brittnau,4274,2024-03-01
Broc,2124,2024-03-01
Bronschhofen,3421,2012-04-01
Brot-Dessous,6405,2015-01-01
Brot-Plamboz,6433,2024-03-01
Brugg,4095,2024-03-01
Brunegg,4193,2024-03-01
Brusino Arsizio,5160,2024-03-01
Brusio,3551,2024-03-01
Brügg,733,2024-03-01
Brügglen,2446,2013-04-14
Brünisried,2292,2024-03-01
Brüttelen,491,2024-03-01
Brütten,213,2024-03-01
Bubendorf,2823,2024-03-01
Bubikon,112,2024-03-01
Buch (SH),2961,2024-03-01
Buch am Irchel,24,2024-03-01
Buchberg,2933,2024-03-01
Buchegg,2465,2024-03-01
Buchholterberg,923,2024-03-01
Buchillon,5623,2024-03-01
Buchrain,1052,2024-03-01
Buchs (AG),4003,2024-03-01
Buchs (SG),3271,2024-03-01
Buchs (ZH),83,2024-03-01
Buckten,2843,2024-03-01
Bulle,2125,2024-03-01
Bullet,5552,2024-03-01
Buochs,1502,2024-03-01
Bure,6778,2024-03-01
Burg (AG),4133,2022-05-01
Burg im Leimental,2783,2024-03-01
Burgdorf,404,2024-03-01
Burgistein,863,2024-03-01
Bursinel,5852,2024-03-01
Bursins,5853,2024-03-01
Burtigny,5854,2024-03-01
Buseno,3804,2024-03-01
Bussigny,5624,2024-03-01
Bussigny-près-Lausanne,5624,2014-01-01
Bussigny-sur-Oron,5781,2011-07-01
Bussnang,4921,2024-03-01
Busswil bei Büren,384,2010-11-21
Busswil bei Melchnau,325,2024-03-01
Bussy (FR),2004,2016-07-01
Bussy-Chardonney,5625,2021-04-18
Bussy-sur-Moudon,5663,2024-03-01
Buttisholz,1083,2024-03-01
Buttwil,4230,2024-03-01
Buus,2844,2024-03-01
Bäretswil,111,2024-03-01
Bäriswil,403,2024-03-01
Bärschwil,2611,2024-03-01
Bätterkinden,533,2024-03-01
Bättwil,2471,2024-03-01
Bévilard,682,2014-05-01
Bôle,6403,2012-04-01
Böbikon,4302,2021-07-01
Böckten,2842,2024-03-01
Bönigen,572,2024-03-01
Bösingen,2295,2024-03-01
Böttstein,4303,2024-03-01
Bözberg,4124,2024-03-01
Bözen,4094,2021-07-01
Böztal,4185,2024-03-01
Büchslen,2244,2012-04-01
Büetigen,382,2024-03-01
Bühl,734,2024-03-01
Bühler,3021,2024-03-01
Bülach,53,2024-03-01
Bünzen,4229,2024-03-01
Bürchen,6193,2024-03-01
Büren (SO),2472,2024-03-01
Büren an der Aare,383,2024-03-01
Büren zum Hof,534,2013-04-14
Bürglen (TG),4911,2024-03-01
Bürglen (UR),1205,2024-03-01
Büron,1082,2024-03-01
Büsserach,2614,2024-03-01
Bütschwil,3391,2012-04-01
Bütschwil-Ganterschwil,3395,2024-03-01
Büttenhardt,2914,2024-03-01
Büttikon,4064,2024-03-01
Cademario,5161,2024-03-01
Cadempino,5162,2024-03-01
Cadenazzo,5003,2024-03-01
Cadro,5163,2013-01-01
Calanca,3837,2024-03-01
Calfreisen,3922,2012-04-01
Calpiogna,5066,2012-01-01
Cama,3831,2024-03-01
Camignolo,5165,2010-04-25
Camorino,5004,2017-01-01
Campello,5067,2012-01-01
Campo (Vallemaggia),5307,2024-03-01
Canobbio,5167,2024-03-01
Capriasca,5226,2024-03-01
Carabietta,5169,2012-01-01
Carona,5170,2013-01-01
Carouge (GE),6608,2024-03-01
Carrouge (VD),5782,2016-04-10
Cartigny,6609,2024-03-01
Caslano,5171,2024-03-01
Castaneda,3805,2024-03-01
Castel San Pietro,5249,2024-03-01
Casti-Wergenstein,3703,2020-10-18
Castiel,3923,2012-04-01
Castrisch,3571,2013-04-14
Cauco,3806,2014-05-01
Cavagnago,5068,2012-01-01
Caviano,5098,2010-01-01
Cavigliano,5099,2013-01-01
Cazis,3661,2024-03-01
Celerina/Schlarigna,3782,2024-03-01
Centovalli,5397,2024-03-01
Cerentino,5309,2024-03-01
Cerniat (FR),2126,2013-04-14
Cerniaz (VD),5811,2011-01-01
Cernier,6472,2012-04-01
Certara,5173,2013-01-01
Cevio,5310,2024-03-01
Chabrey,5453,2011-01-01
Chalais,6232,2024-03-01
Cham,1702,2024-03-01
Chamblon,5904,2024-03-01
Chamoson,6022,2024-03-01
Champagne,5553,2024-03-01
Champoz,683,2024-03-01
Champtauroz,5812,2024-03-01
Champvent,5905,2024-03-01
Champéry,6151,2024-03-01
Chancy,6611,2024-03-01
Chanéaz,5906,2012-04-01
Chapelle (Glâne),2066,2024-03-01
Chapelle-sur-Moudon,5664,2012-04-01
Chardonne,5882,2024-03-01
Charmey,2127,2013-04-14
Charrat,6132,2020-10-18
Chavannes-de-Bogis,5707,2024-03-01
Chavannes-des-Bois,5708,2024-03-01
Chavannes-le-Chêne,5907,2024-03-01
Chavannes-le-Veyron,5475,2024-03-01
Chavannes-près-Renens,5627,2024-03-01
Chavannes-sur-Moudon,5665,2024-03-01
Chavornay,5749,2024-03-01
Cheiry,2009,2020-10-18
Chermignon,6234,2016-07-01
Chesalles-sur-Moudon,5666,2016-07-01
Chesalles-sur-Oron,5784,2011-07-01
Cheseaux-Noréaz,5909,2024-03-01
Cheseaux-sur-Lausanne,5582,2024-03-01
Chessel,5403,2024-03-01
Chevilly,5476,2024-03-01
Chevroux,5813,2024-03-01
Chexbres,5601,2024-03-01
Cheyres,2010,2016-07-01
Cheyres-Châbles,2055,2024-03-01
Chiasso,5250,2024-03-01
Chigny,5628,2024-03-01
Chippis,6235,2024-03-01
Chironico,5070,2012-01-01
Choulex,6614,2024-03-01
Chur,3901,2024-03-01
Churwalden,3911,2024-03-01
Châbles,2005,2016-07-01
Château-d'Oex,5841,2024-03-01
Châtel-Saint-Denis,2325,2024-03-01
Châtel-sur-Montsalvens,2128,2024-03-01
Châtelat,684,2014-05-01
Châtillens,5783,2011-07-01
Châtillon (FR),2008,2024-03-01
Châtillon (JU),6704,2024-03-01
Châtonnaye,2068,2024-03-01
Chénens,2177,2024-03-01
Chéserex,5709,2024-03-01
Chésopelloz,2179,2016-07-01
Chézard-Saint-Martin,6473,2012-04-01
Chêne-Bougeries,6612,2024-03-01
Chêne-Bourg,6613,2024-03-01
Chêne-Pâquier,5908,2024-03-01
Cimadera,5174,2013-01-01
Clarmont,5629,2024-03-01
Claro,5282,2017-01-01
Clavaleyres,661,2021-07-01
Clos du Doubs,6808,2024-03-01
Coeuve,6781,2024-03-01
Coffrane,6474,2012-04-01
Coinsins,5710,2024-03-01
Coldrerio,5251,2024-03-01
Collex-Bossy,6615,2024-03-01
Collina d'Oro,5236,2024-03-01
Collombey-Muraz,6152,2024-03-01
Collonge-Bellerive,6616,2024-03-01
Collonges,6211,2024-03-01
Cologny,6617,2024-03-01
Colombier (NE),6406,2012-04-01
Colombier (VD),5630,2011-01-01
Comano,5176,2024-03-01
Combremont-le-Grand,5814,2011-01-01
Combremont-le-Petit,5815,2011-01-01
Commugny,5711,2024-03-01
Concise,5554,2024-03-01
Confignon,6618,2024-03-01
Constantine,5455,2011-01-01
Conters im Prättigau,3881,2024-03-01
Conthey,6023,2024-03-01
Contone,5101,2010-01-01
Coppet,5712,2024-03-01
Corban,6705,2017-04-02
Corbeyrier,5404,2024-03-01
Corbières,2129,2024-03-01
Corcelles (BE),687,2024-03-01
Corcelles-Cormondrèche,6407,2020-10-18
Corcelles-le-Jorat,5785,2024-03-01
Corcelles-près-Concise,5555,2024-03-01
Corcelles-près-Payerne,5816,2024-03-01
Corcelles-sur-Chavornay,5751,2016-07-01
Corgémont,431,2024-03-01
Corippo,5102,2020-10-17
Corminboeuf,2183,2024-03-01
Cormoret,432,2024-03-01
Cornaux,6451,2024-03-01
Cornol,6782,2024-03-01
Corpataux-Magnedens,2184,2015-01-01
Correvon,5667,2012-04-01
Corseaux,5883,2024-03-01
Corserey,2185,2019-01-01
Corsier (GE),6619,2024-03-01
Corsier-sur-Vevey,5884,2024-03-01
Cortaillod,6408,2024-03-01
Cortébert,433,2024-03-01
Cossonay,5477,2024-03-01
Cottens (FR),2186,2024-03-01
Cottens (VD),5478,2021-04-18
Courchapoix,6706,2024-03-01
Courchavon,6783,2024-03-01
Courfaivre,6707,2012-04-01
Courgenay,6784,2024-03-01
Courgevaux,2250,2024-03-01
Courlevon,2251,2015-01-01
Courrendlin,6708,2024-03-01
Courroux,6709,2024-03-01
Court,690,2024-03-01
Courtedoux,6785,2024-03-01
Courtelary,434,2024-03-01
Courtepin,2254,2024-03-01
Courtételle,6710,2024-03-01
Crans (VD),5713,2024-03-01
Crans-Montana,6253,2024-03-01
Crans-près-Céligny,5713,2020-10-18
Crassier,5714,2024-03-01
Cremin,5668,2016-07-01
Cresciano,5283,2017-01-01
Cressier (FR),2257,2024-03-01
Cressier (NE),6452,2024-03-01
Crissier,5583,2024-03-01
Croglio,5178,2021-01-01
Cronay,5910,2024-03-01
Croy,5752,2024-03-01
Crémines,691,2024-03-01
Crésuz,2130,2024-03-01
Cuarnens,5479,2024-03-01
Cuarny,5911,2024-03-01
Cudrefin,5456,2024-03-01
Cugnasco-Gerra,5138,2024-03-01
Cugy (FR),2011,2024-03-01
Cugy (VD),5516,2024-03-01
Cully,5602,2011-01-01
Cumbel,3592,2012-04-01
Cunter,3532,2015-01-01
Cureglia,5180,2024-03-01
Curio,5181,2024-03-01
Curtilles,5669,2024-03-01
Céligny,6610,2024-03-01
Dachsen,25,2024-03-01
Dagmersellen,1125,2024-03-01
Daillens,5480,2024-03-01
Dallenwil,1503,2024-03-01
Dalpe,5071,2024-03-01
Damphreux,6787,2022-05-01
Damphreux-Lugnez,6811,2024-03-01
Dardagny,6620,2024-03-01
Davos,3851,2024-03-01
Degen,3594,2012-04-01
Degersheim,3401,2024-03-01
Deisswil bei Münchenbuchsee,535,2024-03-01
Deitingen,2516,2024-03-01
Delley-Portalban,2051,2024-03-01
Delémont,6711,2024-03-01
Denens,5631,2024-03-01
Denezy,5670,2012-04-01
Denges,5632,2024-03-01
Densbüren,4004,2024-03-01
Derendingen,2517,2024-03-01
Develier,6712,2024-03-01
Diegten,2884,2024-03-01
Dielsdorf,86,2024-03-01
Diemerswil,536,2022-05-01
Diemtigen,762,2024-03-01
Diepflingen,2845,2024-03-01
Diepoldsau,3234,2024-03-01
Dierikon,1053,2024-03-01
Diessbach bei Büren,385,2024-03-01
Diesse,721,2013-04-14
Diessenhofen,4545,2024-03-01
Dietikon,243,2024-03-01
Dietlikon,54,2024-03-01
Dietwil,4231,2024-03-01
Dinhard,216,2024-03-01
Dintikon,4194,2024-03-01
Disentis/Mustér,3982,2024-03-01
Dittingen,2784,2024-03-01
Dizy,5481,2024-03-01
Domat/Ems,3722,2024-03-01
Dombresson,6475,2012-04-01
Domdidier,2013,2015-01-01
Domleschg,3673,2024-03-01
Dommartin,5517,2011-01-01
Dompierre (FR),2014,2015-01-01
Dompierre (VD),5671,2024-03-01
Donat,3705,2020-10-18
Donneloye,5913,2024-03-01
Doppleschwand,1001,2024-03-01
Dorf,26,2024-03-01
Dornach,2473,2024-03-01
Dorénaz,6212,2024-03-01
Dottikon,4065,2024-03-01
Dotzigen,386,2024-03-01
Dozwil,4406,2024-03-01
Drei Höfe,2535,2024-03-01
Duggingen,2785,2024-03-01
Duillier,5715,2024-03-01
Dulliken,2573,2024-03-01
Dully,5855,2024-03-01
Duvin,3593,2013-04-14
Dägerlen,214,2024-03-01
Dällikon,84,2024-03-01
Däniken,2572,2024-03-01
Dänikon,85,2024-03-01
Därligen,575,2024-03-01
Därstetten,761,2024-03-01
Dättlikon,215,2024-03-01
Démoret,5912,2024-03-01
Dörflingen,2915,2024-03-01
Döttingen,4304,2024-03-01
Dübendorf,191,2024-03-01
Düdingen,2293,2024-03-01
Dürnten,113,2024-03-01
Dürrenroth,952,2024-03-01
Dürrenäsch,4134,2024-03-01
Ebersecken,1126,2019-01-01
Ebikon,1054,2024-03-01
Ebnat-Kappel,3352,2024-03-01
Echallens,5518,2024-03-01
Echandens,5633,2024-03-01
Echarlens,2131,2024-03-01
Echichens,5634,2024-03-01
Eclagnens,5519,2011-01-01
Eclépens,5482,2024-03-01
Ecoteaux,5787,2011-07-01
Ecublens (FR),2072,2024-03-01
Ecublens (VD),5635,2024-03-01
Ederswiler,6713,2024-03-01
Effingen,4096,2021-07-01
Egerkingen,2401,2024-03-01
Egg,192,2024-03-01
Eggenwil,4066,2024-03-01
Eggerberg,6004,2024-03-01
Eggersriet,3212,2024-03-01
Eggiwil,901,2024-03-01
Eglisau,55,2024-03-01
Egliswil,4195,2024-03-01
Egnach,4411,2024-03-01
Egolzwil,1127,2024-03-01
Ehrendingen,4049,2024-03-01
Eich,1084,2024-03-01
Eichberg,3252,2024-03-01
Eiken,4161,2024-03-01
Einsiedeln,1301,2024-03-01
Eischoll,6194,2024-03-01
Eisten,6282,2024-03-01
Elfingen,4097,2021-07-01
Elgg,294,2024-03-01
Ellikon an der Thur,218,2024-03-01
Elm,1605,2010-11-21
Elsau,219,2024-03-01
Embd,6283,2024-03-01
Embrach,56,2024-03-01
Emmen,1024,2024-03-01
Emmetten,1504,2024-03-01
Endingen,4305,2024-03-01
Engelberg,1402,2024-03-01
Enges,6453,2024-03-01
Engi,1606,2010-11-21
Engollon,6476,2012-04-01
Ennenda,1607,2010-11-21
Ennetbaden,4026,2024-03-01
Ennetbürgen,1505,2024-03-01
Ennetmoos,1506,2024-03-01
Entlebuch,1002,2024-03-01
Epalinges,5584,2024-03-01
Ependes (FR),2189,2020-10-18
Ependes (VD),5914,2024-03-01
Epesses,5603,2011-01-01
Eppenberg-Wöschnau,2574,2024-03-01
Epsach,735,2024-03-01
Eptingen,2885,2024-03-01
Ergisch,6104,2024-03-01
Eriswil,953,2024-03-01
Eriz,924,2024-03-01
Erlach,492,2024-03-01
Erlen,4476,2024-03-01
Erlenbach (ZH),151,2024-03-01
Erlenbach im Simmental,763,2024-03-01
Erlinsbach (AG),4005,2024-03-01
Erlinsbach (SO),2503,2024-03-01
Ermatingen,4646,2024-03-01
Ermensee,1025,2024-03-01
Ernen,6056,2024-03-01
Ernetschwil,3331,2012-04-01
Erschmatt,6105,2012-04-01
Erschwil,2615,2024-03-01
Ersigen,405,2024-03-01
Erstfeld,1206,2024-03-01
Eschenbach (LU),1026,2024-03-01
Eschenbach (SG),3342,2024-03-01
Eschenz,4806,2024-03-01
Eschert,692,2024-03-01
Eschlikon,4724,2024-03-01
Escholzmatt,1003,2012-04-01
Escholzmatt-Marbach,1010,2024-03-01
Essert-Pittet,5915,2016-07-01
Essert-sous-Champvent,5916,2011-07-01
Essertes,5788,2021-07-01
Essertines-sur-Rolle,5856,2024-03-01
Essertines-sur-Yverdon,5520,2024-03-01
Estavayer,2054,2024-03-01
Estavayer-le-Lac,2015,2016-07-01
Etagnières,5521,2024-03-01
Etoy,5636,2024-03-01
Ettingen,2768,2024-03-01
Ettiswil,1128,2024-03-01
Etzelkofen,537,2013-04-14
Etziken,2518,2024-03-01
Evilard,372,2024-03-01
Evionnaz,6213,2024-03-01
Evolène,6083,2024-03-01
Eysins,5716,2024-03-01
Fahrni,925,2024-03-01
Fahrwangen,4196,2024-03-01
Fahy,6789,2024-03-01
Faido,5072,2024-03-01
Falera,3572,2024-03-01
Fanas,3971,2010-11-21
Faoug,5458,2024-03-01
Farnern,975,2024-03-01
Farvagny,2192,2015-01-01
Fehraltorf,172,2024-03-01
Fehren,2616,2024-03-01
Felben-Wellhausen,4561,2024-03-01
Feldbrunnen-St. Niklaus,2544,2024-03-01
Felsberg,3731,2024-03-01
Fenin-Vilars-Saules,6477,2012-04-01
Ferden,6195,2024-03-01
Ferenbalm,662,2024-03-01
Ferlens (VD),5789,2016-04-10
Ferpicloz,2194,2024-03-01
Ferrera,3713,2024-03-01
Ferreyres,5483,2024-03-01
Feuerthalen,27,2024-03-01
Feusisberg,1321,2024-03-01
Fey,5522,2024-03-01
Fideris,3861,2024-03-01
Fiesch,6057,2024-03-01
Fieschertal,6058,2024-03-01
Fiez,5556,2024-03-01
Filisur,3522,2017-04-02
Filzbach,1608,2010-11-21
Finhaut,6214,2024-03-01
Finsterhennen,493,2024-03-01
Fischbach,1129,2024-03-01
Fischbach-Göslikon,4067,2024-03-01
Fischenthal,114,2024-03-01
Fischingen,4726,2024-03-01
Fisibach,4306,2024-03-01
Fislisbach,4027,2024-03-01
Flaach,28,2024-03-01
Flawil,3402,2024-03-01
Flerden,3662,2024-03-01
Flims,3732,2024-03-01
Flumenthal,2545,2024-03-01
Flums,3292,2024-03-01
Flurlingen,29,2024-03-01
Fläsch,3951,2024-03-01
Flüelen,1207,2024-03-01
Flühli,1004,2024-03-01
Font,2017,2011-07-01
Fontainemelon,6478,2012-04-01
Fontaines (NE),6479,2012-04-01
Fontaines-sur-Grandson,5557,2024-03-01
Fontanezier,5558,2011-01-01
Fontenais,6790,2024-03-01
Forel (Lavaux),5604,2024-03-01
Forel-sur-Lucens,5672,2016-07-01
Forst-Längenbühl,948,2024-03-01
Founex,5717,2024-03-01
Frasco,5105,2020-10-17
Fraubrunnen,538,2024-03-01
Frauenfeld,4566,2024-03-01
Frauenkappelen,663,2024-03-01
Freienbach,1322,2024-03-01
Freienstein-Teufen,57,2024-03-01
Freienwil,4028,2024-03-01
Freimettigen,607,2024-03-01
Frenkendorf,2824,2024-03-01
Fresens,6409,2017-04-02
Fribourg,2196,2024-03-01
Frick,4163,2024-03-01
Froideville,5523,2024-03-01
Frutigen,563,2024-03-01
Fräschels,2258,2024-03-01
Ftan,3761,2014-05-01
Fulenbach,2575,2024-03-01
Full-Reuenthal,4307,2024-03-01
Fully,6133,2024-03-01
Furna,3862,2024-03-01
Fällanden,193,2024-03-01
Féchy,5427,2024-03-01
Fétigny,2016,2024-03-01
Füllinsdorf,2825,2024-03-01
Fürstenau,3633,2024-03-01
Gachnang,4571,2024-03-01
Gadmen,781,2013-04-14
Gais,3022,2024-03-01
Gaiserwald,3442,2024-03-01
Galgenen,1342,2024-03-01
Gallenkirch,4098,2012-04-01
Galmiz,2259,2021-07-01
Gals,494,2024-03-01
Gambarogno,5398,2024-03-01
Gampel-Bratsch,6118,2024-03-01
Gampelen,495,2024-03-01
Gams,3272,2024-03-01
Gansingen,4164,2024-03-01
Ganterschwil,3403,2012-04-01
Gebenstorf,4029,2024-03-01
Gelterfingen,865,2017-04-02
Gelterkinden,2846,2024-03-01
Geltwil,4232,2024-03-01
Gempen,2474,2024-03-01
Gempenach,2260,2021-07-01
Genolier,5718,2024-03-01
Genthod,6622,2024-03-01
Genève,6621,2024-03-01
Gerlafingen,2519,2024-03-01
Geroldswil,244,2024-03-01
Gerra (Gambarogno),5106,2010-01-01
Gersau,1311,2024-03-01
Gerzensee,866,2024-03-01
Gettnau,1130,2020-10-18
Geuensee,1085,2024-03-01
Gibloux,2236,2024-03-01
Giebenach,2826,2024-03-01
Giez,5559,2024-03-01
Giffers,2294,2024-03-01
Gilly,5857,2024-03-01
Gimel,5428,2024-03-01
Gingins,5719,2024-03-01
Giornico,5073,2024-03-01
Gipf-Oberfrick,4165,2024-03-01
Gisikon,1055,2024-03-01
Giswil,1403,2024-03-01
Giubiasco,5005,2017-01-01
Givisiez,2197,2024-03-01
Givrins,5720,2024-03-01
Gland,5721,2024-03-01
Glarus,1632,2024-03-01
Glarus Nord,1630,2024-03-01
Glarus Süd,1631,2024-03-01
Glattfelden,58,2024-03-01
Gletterens,2022,2024-03-01
Glovelier,6714,2012-04-01
Gnosca,5006,2017-01-01
Golaten,664,2018-04-01
Goldach,3213,2024-03-01
Goldingen,3333,2012-04-01
Gollion,5484,2024-03-01
Gommiswald,3341,2024-03-01
Goms,6077,2024-03-01
Gondiswil,326,2024-03-01
Gonten,3102,2024-03-01
Gontenschwil,4135,2024-03-01
Gordola,5108,2024-03-01
Gorduno,5007,2017-01-01
Gorgier,6410,2017-04-02
Gossau (SG),3443,2024-03-01
Gossau (ZH),115,2024-03-01
Gossliwil,2449,2013-04-14
Gottlieben,4651,2024-03-01
Goumoens-la-Ville,5524,2011-01-01
Goumoens-le-Jux,5525,2011-01-01
Goumoëns,5541,2024-03-01
Graben,976,2024-03-01
Grabs,3273,2024-03-01
Grafenried,539,2013-04-14
Grafschaft,6073,2016-07-01
Grancia,5186,2024-03-01
Grancy,5485,2024-03-01
Grandcour,5817,2024-03-01
Grandevent,5560,2024-03-01
Grandfontaine,6792,2024-03-01
Grandson,5561,2024-03-01
Grandval,694,2024-03-01
Grandvaux,5605,2011-01-01
Grandvillard,2134,2024-03-01
Granges (Veveyse),2328,2024-03-01
Granges-Paccot,2198,2024-03-01
Granges-près-Marnand,5818,2011-01-01
Grangettes,2079,2024-03-01
Gravesano,5187,2024-03-01
Greifensee,194,2024-03-01
Grellingen,2786,2024-03-01
Grenchen,2546,2024-03-01
Greng,2261,2024-03-01
Grengiols,6177,2024-03-01
Grens,5722,2024-03-01
Greppen,1056,2024-03-01
Gresso,5109,2016-01-01
Gressy,5918,2011-01-01
Gretzenbach,2576,2024-03-01
Grimisuat,6263,2024-03-01
Grindel,2617,2024-03-01
Grindelwald,576,2024-03-01
Grolley,2200,2024-03-01
Grono,3832,2024-03-01
Grossaffoltern,303,2024-03-01
Grossdietwil,1131,2024-03-01
Grosshöchstetten,608,2024-03-01
Grosswangen,1086,2024-03-01
Grub (AR),3031,2024-03-01
Gruyères,2135,2024-03-01
Gryon,5405,2024-03-01
Grächen,6285,2024-03-01
Gränichen,4006,2024-03-01
Grône,6238,2024-03-01
Grüningen,116,2024-03-01
Grüsch,3961,2024-03-01
Gsteig,841,2024-03-01
Gsteigwiler,577,2024-03-01
Guarda,3742,2014-05-01
Gudo,5008,2017-01-01
Guggisberg,852,2024-03-01
Guntmadingen,2902,2012-04-01
Gunzgen,2578,2024-03-01
Gurbrü,665,2024-03-01
Gurmels,2262,2024-03-01
Gurtnellen,1209,2024-03-01
Gurzelen,867,2024-03-01
Guttannen,782,2024-03-01
Guttet-Feschel,6117,2024-03-01
Gy,6624,2024-03-01
Gächlingen,2901,2024-03-01
Gänsbrunnen,2423,2020-10-18
Göschenen,1208,2024-03-01
Gündlischwand,578,2024-03-01
Günsberg,2547,2024-03-01
Güttingen,4656,2024-03-01
Habkern,579,2024-03-01
Habsburg,4099,2024-03-01
Hagenbuch,220,2024-03-01
Hagneck,736,2024-03-01
Haldenstein,3941,2020-10-18
Hallau,2971,2024-03-01
Hallwil,4197,2024-03-01
Halten,2520,2024-03-01
Hasle (LU),1005,2024-03-01
Hasle bei Burgdorf,406,2024-03-01
Haslen,1610,2010-11-21
Hasliberg,783,2024-03-01
Hauenstein-Ifenthal,2491,2024-03-01
Hauptwil-Gottshaus,4486,2024-03-01
Hausen (AG),4100,2024-03-01
Hausen am Albis,4,2024-03-01
Haut-Intyamon,2121,2024-03-01
Haut-Vully,2281,2015-01-01
Haute-Ajoie,6809,2024-03-01
Haute-Sorne,6729,2024-03-01
Hautemorges,5656,2024-03-01
Hauterive (FR),2233,2024-03-01
Hauterive (NE),6454,2024-03-01
Hauteville,2137,2024-03-01
Hedingen,5,2024-03-01
Hefenhofen,4416,2024-03-01
Heiden,3032,2024-03-01
Heiligenschwendi,927,2024-03-01
Heimberg,928,2024-03-01
Heimenhausen,977,2024-03-01
Heimiswil,407,2024-03-01
Heinrichswil-Winistorf,2521,2012-04-01
Heitenried,2296,2024-03-01
Hellikon,4251,2024-03-01
Hellsau,408,2024-03-01
Hemberg,3372,2022-05-01
Hemishofen,2962,2024-03-01
Hemmiken,2848,2024-03-01
Hendschiken,4198,2024-03-01
Henggart,31,2024-03-01
Henniez,5819,2024-03-01
Herbetswil,2424,2024-03-01
Herbligen,610,2024-03-01
Herdern,4811,2024-03-01
Hergiswil (NW),1507,2024-03-01
Hergiswil bei Willisau,1132,2024-03-01
Herisau,3001,2024-03-01
Hermance,6625,2024-03-01
Hermenches,5673,2024-03-01
Hermetschwil-Staffeln,4069,2013-04-14
Hermiswil,978,2015-01-01
Hermrigen,737,2024-03-01
Herrliberg,152,2024-03-01
Hersberg,2827,2024-03-01
Hersiwil,2522,2012-04-01
Herznach,4166,2022-05-01
Herznach-Ueken,4186,2024-03-01
Herzogenbuchsee,979,2024-03-01
Hessigkofen,2450,2013-04-14
Hettlingen,221,2024-03-01
Hildisrieden,1088,2024-03-01
Hilterfingen,929,2024-03-01
Himmelried,2618,2024-03-01
Hindelbank,409,2024-03-01
Hinterrhein,3691,2018-04-01
Hinwil,117,2024-03-01
Hirschthal,4007,2024-03-01
Hirzel,132,2017-04-02
Hittnau,173,2024-03-01
Hitzkirch,1030,2024-03-01
Hochdorf,1031,2024-03-01
Hochfelden,59,2024-03-01
Hochwald,2475,2024-03-01
Hofstetten (ZH),222,2017-04-02
Hofstetten bei Brienz,580,2024-03-01
Hofstetten-Flüh,2476,2024-03-01
Hohenrain,1032,2024-03-01
Hohentannen,4495,2024-03-01
Holderbank (AG),4199,2024-03-01
Holderbank (SO),2425,2024-03-01
Holziken,4136,2024-03-01
Homberg,931,2024-03-01
Hombrechtikon,153,2024-03-01
Homburg,4816,2024-03-01
Honau,1057,2024-03-01
Horgen,295,2024-03-01
Horn,4421,2024-03-01
Hornussen,4167,2021-07-01
Horrenbach-Buchen,932,2024-03-01
Horriwil,2523,2024-03-01
Horw,1058,2024-03-01
Hospental,1210,2024-03-01
Hubersdorf,2548,2024-03-01
Humlikon,32,2022-05-01
Hundwil,3002,2024-03-01
Hunzenschwil,4200,2024-03-01
Huttwil,954,2024-03-01
Häfelfingen,2847,2024-03-01
Hägendorf,2579,2024-03-01
Häggenschwil,3201,2024-03-01
Hägglingen,4068,2024-03-01
Härkingen,2402,2024-03-01
Häutligen,609,2024-03-01
Hérémence,6084,2024-03-01
Höchstetten,410,2024-03-01
Höfen,930,2013-04-14
Hölstein,2886,2024-03-01
Höri,60,2024-03-01
Hünenberg,1703,2024-03-01
Hüniken,2524,2024-03-01
Hüntwangen,61,2024-03-01
Hütten,134,2018-04-01
Hüttikon,87,2024-03-01
Hüttlingen,4590,2024-03-01
Hüttwilen,4821,2024-03-01
Icogne,6239,2024-03-01
Iffwil,541,2024-03-01
Igis,3942,2011-07-01
Ilanz,3574,2013-04-14
Ilanz/Glion,3619,2024-03-01
Illgau,1363,2024-03-01
Illnau-Effretikon,296,2024-03-01
Indemini,5110,2010-01-01
Inden,6109,2024-03-01
Ingenbohl,1364,2024-03-01
Inkwil,980,2024-03-01
Innerthal,1343,2024-03-01
Innertkirchen,784,2024-03-01
Ins,496,2024-03-01
Interlaken,581,2024-03-01
Inwil,1033,2024-03-01
Ipsach,739,2024-03-01
Iragna,5284,2017-01-01
Iseltwald,582,2024-03-01
Isenthal,1211,2024-03-01
Islisberg,4084,2024-03-01
Isone,5009,2024-03-01
Isorno,5137,2016-01-01
Isérables,6134,2024-03-01
Itingen,2849,2024-03-01
Ittigen,362,2024-03-01
Jaberg,868,2024-03-01
Jaun,2138,2024-03-01
Jegenstorf,540,2024-03-01
Jenaz,3863,2024-03-01
Jenins,3952,2024-03-01
Jens,738,2024-03-01
Jeuss,2264,2015-01-01
Jonen,4071,2024-03-01
Jongny,5885,2024-03-01
Jonschwil,3405,2024-03-01
Jorat-Menthue,5804,2024-03-01
Jorat-Mézières,5806,2024-03-01
Jouxtens-Mézery,5585,2024-03-01
Juriens,5754,2024-03-01
Jussy,6626,2024-03-01
Kaiseraugst,4252,2024-03-01
Kaiserstuhl,4308,2021-07-01
Kaisten,4169,2024-03-01
Kallern,4233,2024-03-01
Kallnach,304,2024-03-01
Kaltbrunn,3313,2024-03-01
Kammersrohr,2549,2024-03-01
Kandergrund,564,2024-03-01
Kandersteg,565,2024-03-01
Kappel (SO),2580,2024-03-01
Kappel am Albis,6,2024-03-01
Kappelen,305,2024-03-01
Kaufdorf,869,2024-03-01
Kehrsatz,870,2024-03-01
Kemmental,4666,2024-03-01
Kernenried,411,2024-03-01
Kerns,1404,2024-03-01
Kerzers,2265,2024-03-01
Kesswil,4426,2024-03-01
Kestenholz,2403,2024-03-01
Kienberg,2492,2024-03-01
Kienersrüti,871,2013-04-14
Kiesen,611,2024-03-01
Kilchberg (BL),2851,2024-03-01
Kilchberg (ZH),135,2024-03-01
Killwangen,4030,2024-03-01
Kippel,6197,2024-03-01
Kirchberg (BE),412,2024-03-01
Kirchberg (SG),3392,2024-03-01
Kirchdorf (BE),872,2024-03-01
Kirchenthurnen,873,2019-01-01
Kirchleerau,4275,2024-03-01
Kirchlindach,354,2024-03-01
Kleinandelfingen,33,2024-03-01
Kleinbösingen,2266,2024-03-01
Kleindietwil,328,2010-11-21
Kleinlützel,2619,2024-03-01
Klingnau,4309,2024-03-01
Klosters,3871,2024-03-01
Klosters-Serneus,3871,2020-10-18
Kloten,62,2024-03-01
Knonau,7,2024-03-01
Knutwil,1089,2024-03-01
Koblenz,4310,2024-03-01
Konolfingen,612,2024-03-01
Koppigen,413,2024-03-01
Kradolf-Schönenberg,4501,2024-03-01
Krattigen,566,2024-03-01
Krauchthal,414,2024-03-01
Kreuzlingen,4671,2024-03-01
Kriechenwil,666,2024-03-01
Kriegstetten,2525,2024-03-01
Kriens,1059,2024-03-01
Krinau,3373,2012-04-01
Kyburg,175,2015-01-01
Kyburg-Buchegg,2453,2013-04-14
Känerkinden,2850,2024-03-01
Kölliken,4276,2024-03-01
Köniz,355,2024-03-01
Küblis,3882,2024-03-01
Künten,4031,2024-03-01
Küsnacht (ZH),154,2024-03-01
Küssnacht (SZ),1331,2024-03-01
Küttigen,4008,2024-03-01
Küttigkofen,2452,2013-04-14
L'Abbaye,5871,2024-03-01
L'Abergement,5741,2024-03-01
L'Isle,5486,2024-03-01
La Baroche,6810,2024-03-01
La Brillaz,2234,2024-03-01
La Brévine,6432,2024-03-01
La Chaux (Cossonay),5474,2024-03-01
La Chaux-de-Fonds,6421,2024-03-01
La Chaux-des-Breuleux,6744,2022-05-01
La Chaux-du-Milieu,6435,2024-03-01
La Côte-aux-Fées,6504,2024-03-01
La Ferrière,435,2024-03-01
La Folliaz,2116,2019-01-01
La Grande Béroche,6417,2024-03-01
La Grande-Béroche,6417,2018-01-01
La Heutte,436,2014-05-01
La Neuveville,723,2024-03-01
La Praz,5758,2024-03-01
La Punt Chamues-ch,3785,2024-03-01
La Punt-Chamues-ch,3785,2020-01-01
La Rippe,5726,2024-03-01
La Roche,2149,2024-03-01
La Sagne,6423,2024-03-01
La Sarraz,5498,2024-03-01
La Sonnaz,2235,2024-03-01
La Tour-de-Peilz,5889,2024-03-01
La Tène,6461,2024-03-01
La Verrerie,2338,2024-03-01
Laax,3575,2024-03-01
Lachen,1344,2024-03-01
Laconnex,6627,2024-03-01
Ladir,3576,2013-04-14
Lajoux (JU),6750,2024-03-01
Lalden,6286,2024-03-01
Lamboing,722,2013-04-14
Lamone,5189,2024-03-01
Lampenberg,2887,2024-03-01
Lancy,6628,2024-03-01
Landiswil,613,2024-03-01
Landquart,3955,2024-03-01
Langenbruck,2888,2024-03-01
Langendorf,2550,2024-03-01
Langenthal,329,2024-03-01
Langnau am Albis,136,2024-03-01
Langnau im Emmental,902,2024-03-01
Langrickenbach,4681,2024-03-01
Langwies,3924,2012-04-01
Lantsch/Lenz,3513,2024-03-01
Lauenen,842,2024-03-01
Lauerz,1365,2024-03-01
Laufen,2787,2024-03-01
Laufen-Uhwiesen,34,2024-03-01
Laufenburg,4170,2024-03-01
Laupen,667,2024-03-01
Laupersdorf,2426,2024-03-01
Lauperswil,903,2024-03-01
Lausanne,5586,2024-03-01
Lausen,2828,2024-03-01
Lauterbrunnen,584,2024-03-01
Lauwil,2889,2024-03-01
Lavertezzo,5112,2024-03-01
Lavey-Morcles,5406,2024-03-01
Lavigny,5637,2024-03-01
Lavin,3743,2014-05-01
Lavizzara,5323,2024-03-01
Lax,6061,2024-03-01
Le Bémont (JU),6741,2024-03-01
Le Cerneux-Péquignot,6434,2024-03-01
Le Chenit,5872,2024-03-01
Le Châtelard,2067,2024-03-01
Le Flon,2337,2024-03-01
Le Glèbe,2223,2015-01-01
Le Grand-Saconnex,6623,2024-03-01
Le Landeron,6455,2024-03-01
Le Lieu,5873,2024-03-01
Le Locle,6436,2024-03-01
Le Mont-sur-Lausanne,5587,2024-03-01
Le Mouret,2220,2024-03-01
Le Noirmont,6754,2024-03-01
Le Pâquier (FR),2145,2024-03-01
Le Pâquier (NE),6483,2012-04-01
Le Vaud,5731,2024-03-01
Leggia,3833,2016-07-01
Leibstadt,4311,2024-03-01
Leimbach (AG),4137,2024-03-01
Leimiswil,330,2010-11-21
Leissigen,585,2024-03-01
Lengnau (AG),4312,2024-03-01
Lengnau (BE),387,2024-03-01
Lengwil,4683,2024-03-01
Lenk,792,2024-03-01
Lens,6240,2024-03-01
Lenzburg,4201,2024-03-01
Les Agettes,6081,2016-07-01
Les Bois,6742,2024-03-01
Les Brenets,6431,2020-10-18
Les Breuleux,6743,2024-03-01
Les Clées,5750,2024-03-01
Les Cullayes,5786,2011-07-01
Les Enfers,6745,2024-03-01
Les Geneveys-sur-Coffrane,6480,2012-04-01
Les Genevez (JU),6748,2024-03-01
Les Hauts-Geneveys,6481,2012-04-01
Les Montets,2050,2024-03-01
Les Planchettes,6422,2024-03-01
Les Ponts-de-Martel,6437,2024-03-01
Les Tavernes,5800,2011-07-01
Les Thioleyres,5801,2011-07-01
Les Verrières,6511,2024-03-01
Leuggern,4313,2024-03-01
Leuk,6110,2024-03-01
Leukerbad,6111,2024-03-01
Leutwil,4138,2024-03-01
Leuzigen,388,2024-03-01
Leysin,5407,2024-03-01
Leytron,6135,2024-03-01
Lichtensteig,3374,2024-03-01
Liddes,6033,2024-03-01
Liedertswil,2890,2024-03-01
Liesberg,2788,2024-03-01
Liestal,2829,2024-03-01
Ligerz,740,2024-03-01
Lignerolle,5755,2024-03-01
Lignières,6456,2024-03-01
Ligornetto,5253,2013-01-01
Limpach,542,2013-04-14
Lindau,176,2024-03-01
Linden,614,2024-03-01
Linescio,5315,2024-03-01
Linn,4103,2012-04-01
Linthal,1613,2010-11-21
Locarno,5113,2024-03-01
Lodrino,5285,2017-01-01
Lohn (GR),3707,2020-10-18
Lohn (SH),2917,2024-03-01
Lohn-Ammannsegg,2526,2024-03-01
Lohnstorf,874,2019-01-01
Lommis,4741,2024-03-01
Lommiswil,2551,2024-03-01
Lonay,5638,2024-03-01
Longirod,5429,2024-03-01
Losone,5115,2024-03-01
Lostallo,3821,2024-03-01
Lostorf,2493,2024-03-01
Lotzwil,331,2024-03-01
Lovatens,5674,2024-03-01
Loveresse,696,2024-03-01
Lucens,5675,2024-03-01
Luchsingen,1614,2010-11-21
Ludiano,5040,2012-01-01
Lufingen,63,2024-03-01
Lugano,5192,2024-03-01
Lugnez,6793,2022-05-01
Luins,5858,2024-03-01
Lully (FR),2025,2024-03-01
Lully (VD),5639,2024-03-01
Lumbrein,3595,2012-04-01
Lumino,5010,2024-03-01
Lumnezia,3618,2024-03-01
Lungern,1405,2024-03-01
Lupfig,4104,2024-03-01
Lupsingen,2830,2024-03-01
Lurtigen,2270,2015-01-01
Lussery-Villars,5487,2024-03-01
Lussy-sur-Morges,5640,2024-03-01
Luterbach,2527,2024-03-01
Luthern,1135,2024-03-01
Lutry,5606,2024-03-01
Lutzenberg,3033,2024-03-01
Luven,3577,2013-04-14
Luzein,3891,2024-03-01
Luzern,1061,2024-03-01
Lyss,306,2024-03-01
Lyssach,415,2024-03-01
Läufelfingen,2852,2024-03-01
Léchelles,2024,2015-01-01
Löhningen,2903,2024-03-01
Lüen,3925,2012-04-01
Lüscherz,497,2024-03-01
Lüsslingen,2454,2012-04-01
Lüsslingen-Nennigkofen,2464,2024-03-01
Lüterkofen-Ichertswil,2455,2024-03-01
Lüterswil-Gächliwil,2456,2023-01-01
Lütisburg,3393,2024-03-01
Lütschental,586,2024-03-01
Lützelflüh,955,2024-03-01
Madiswil,332,2024-03-01
Madulain,3783,2024-03-01
Magadino,5116,2010-01-01
Magden,4253,2024-03-01
Maggia,5317,2024-03-01
Magliaso,5193,2024-03-01
Maienfeld,3953,2024-03-01
Mairengo,5074,2012-01-01
Maisprach,2853,2024-03-01
Maladers,3926,2019-01-01
Malans,3954,2024-03-01
Malleray,697,2014-05-01
Malters,1062,2024-03-01
Malvaglia,5041,2012-01-01
Mammern,4826,2024-03-01
Mandach,4105,2024-03-01
Manno,5194,2024-03-01
Maracon,5790,2024-03-01
Marbach (LU),1006,2012-04-01
Marbach (SG),3253,2024-03-01
Marchissy,5430,2024-03-01
Marly,2206,2024-03-01
Marmorera,3533,2015-01-01
Marnand,5820,2011-01-01
Maroggia,5195,2022-01-01
Marsens,2140,2024-03-01
Marthalen,35,2024-03-01
Martherenges,5676,2012-04-01
Martigny,6136,2024-03-01
Martigny-Combe,6137,2024-03-01
Martisberg,6178,2013-04-14
Maschwanden,8,2024-03-01
Mase,6085,2010-11-21
Masein,3663,2024-03-01
Massagno,5196,2024-03-01
Massongex,6215,2024-03-01
Massonnens,2086,2024-03-01
Mastrils,3943,2011-07-01
Mathod,5919,2024-03-01
Mathon,3708,2020-10-18
Matran,2208,2024-03-01
Matt,1615,2010-11-21
Matten bei Interlaken,587,2024-03-01
Mattstetten,543,2024-03-01
Matzendorf,2427,2024-03-01
Matzingen,4591,2024-03-01
Mauborget,5562,2024-03-01
Mauensee,1091,2024-03-01
Maur,195,2024-03-01
Mauraz,5488,2024-03-01
Medeglia,5011,2010-04-25
Medel (Lucmagn),3983,2024-03-01
Meggen,1063,2024-03-01
Meienried,389,2024-03-01
Meierskappel,1064,2024-03-01
Meikirch,307,2024-03-01
Meilen,156,2024-03-01
Meinier,6629,2024-03-01
Meinisberg,390,2024-03-01
Meiringen,785,2024-03-01
Meisterschwanden,4202,2024-03-01
Melano,5197,2022-01-01
Melchnau,333,2024-03-01
Melide,5198,2024-03-01
Mellikon,4314,2024-03-01
Mellingen,4033,2024-03-01
Mels,3293,2024-03-01
Meltingen,2620,2024-03-01
Mendrisio,5254,2024-03-01
Menziken,4139,2024-03-01
Menzingen,1704,2024-03-01
Menznau,1136,2024-03-01
Merenschwand,4234,2024-03-01
Mergoscia,5117,2024-03-01
Meride,5255,2013-01-01
Merishausen,2936,2024-03-01
Mervelier,6715,2024-03-01
Merzligen,741,2024-03-01
Mesocco,3822,2024-03-01
Messen,2457,2024-03-01
Mettauertal,4184,2024-03-01
Mettembert,6716,2024-03-01
Mettmenstetten,9,2024-03-01
Metzerlen-Mariastein,2477,2024-03-01
Mex (VD),5489,2024-03-01
Mex (VS),6216,2012-04-01
Meyriez,2271,2024-03-01
Meyrin,6630,2024-03-01
Mezzovico-Vira,5199,2024-03-01
Mies,5723,2024-03-01
Miglieglia,5200,2024-03-01
Milvignes,6416,2024-03-01
Minusio,5118,2024-03-01
Mirchel,615,2024-03-01
Misery-Courtion,2272,2024-03-01
Missy,5821,2024-03-01
Mitlödi,1616,2010-11-21
Miège,6241,2020-10-18
Moiry,5490,2024-03-01
Moleno,5012,2017-01-01
Molinis,3927,2012-04-01
Mollens (VD),5431,2024-03-01
Mollens (VS),6242,2016-07-01
Mollis,1617,2010-11-21
Molondin,5921,2024-03-01
Mon,3502,2014-05-01
Monible,699,2014-05-01
Monnaz,5641,2011-01-01
Mont-Noble,6090,2024-03-01
Mont-Tramelan,437,2024-03-01
Mont-Vully,2284,2024-03-01
Mont-la-Ville,5491,2024-03-01
Mont-sur-Rolle,5859,2024-03-01
Montagny (FR),2029,2024-03-01
Montagny-près-Yverdon,5922,2024-03-01
Montalchez,6411,2017-04-02
Montana,6243,2016-07-01
Montanaire,5693,2024-03-01
Montaubion-Chardonney,5677,2011-01-01
Montcherand,5756,2024-03-01
Monte Carasso,5013,2017-01-01
Monteceneri,5238,2024-03-01
Monteggio,5202,2021-01-01
Montet (Glâne),2089,2024-03-01
Montfaucon,6751,2024-03-01
Montherod,5432,2020-10-18
Monthey,6153,2024-03-01
Montilliez,5540,2024-03-01
Montmagny,5459,2011-01-01
Montmollin,6482,2012-04-01
Montpreveyres,5792,2024-03-01
Montreux,5886,2024-03-01
Montricher,5492,2024-03-01
Montsevelier,6717,2012-04-01
Moosleerau,4277,2024-03-01
Moosseedorf,544,2024-03-01
Morbio Inferiore,5257,2024-03-01
Morcote,5203,2024-03-01
Morens (FR),2033,2016-07-01
Morges,5642,2024-03-01
Morissen,3596,2012-04-01
Morlon,2143,2024-03-01
Morrens (VD),5527,2024-03-01
Morschach,1366,2024-03-01
Mosnang,3394,2024-03-01
Mosogno,5119,2016-01-01
Moudon,5678,2024-03-01
Moutier,700,2024-03-01
Movelier,6718,2024-03-01
Muhen,4009,2024-03-01
Mulegns,3534,2015-01-01
Mumpf,4255,2024-03-01
Mund,6006,2012-04-01
Mundaun,3617,2015-01-01
Muntelier,2274,2024-03-01
Muntogna da Schons,3715,2024-03-01
Muolen,3202,2024-03-01
Muotathal,1367,2024-03-01
Mur (VD),5460,2011-01-01
Muralto,5120,2024-03-01
Murgenthal,4279,2024-03-01
Muri (AG),4236,2024-03-01
Muri bei Bern,356,2024-03-01
Muriaux,6753,2024-03-01
Murist,2034,2016-07-01
Murten,2275,2024-03-01
Mutrux,5563,2024-03-01
Mutten,3503,2017-04-02
Muttenz,2770,2024-03-01
Muzzano,5205,2024-03-01
Mägenwil,4032,2024-03-01
Männedorf,155,2024-03-01
Märstetten,4941,2024-03-01
Ménières,2027,2024-03-01
Mézières (FR),2087,2024-03-01
Mézières (VD),5791,2016-04-10
Möhlin,4254,2024-03-01
Mönchaltorf,196,2024-03-01
Mönthal,4106,2024-03-01
Mörel-Filet,6203,2024-03-01
Mörigen,742,2024-03-01
Möriken-Wildegg,4203,2024-03-01
Mörschwil,3214,2024-03-01
Mötschwil,416,2020-10-18
Mühlau,4235,2024-03-01
Mühleberg,668,2024-03-01
Mühledorf (BE),875,2017-04-02
Mühledorf (SO),2458,2013-04-14
Mühlehorn,1618,2010-11-21
Mühlethurnen,876,2019-01-01
Mülchi,545,2013-04-14
Müllheim,4831,2024-03-01
Mülligen,4107,2024-03-01
Mümliswil-Ramiswil,2428,2024-03-01
Münchenbuchsee,546,2024-03-01
Münchenstein,2769,2024-03-01
Münchenwiler,669,2024-03-01
Münchringen,547,2013-04-14
Münchwilen (AG),4172,2024-03-01
Münchwilen (TG),4746,2024-03-01
Münsingen,616,2024-03-01
Münster-Geschinen,6074,2016-07-01
Münsterlingen,4691,2024-03-01
Müntschemier,498,2024-03-01
Naters,6007,2024-03-01
Nax,6086,2010-11-21
Naz,5528,2011-01-01
Nebikon,1137,2024-03-01
Neckertal,3396,2024-03-01
Neerach,88,2024-03-01
Neftenbach,223,2024-03-01
Neggio,5206,2024-03-01
Nendaz,6024,2024-03-01
Nennigkofen,2459,2012-04-01
Nenzlingen,2789,2024-03-01
Nesslau,3360,2024-03-01
Nesslau-Krummenau,3358,2012-04-01
Netstal,1620,2010-11-21
Neuchâtel,6458,2024-03-01
Neudorf,1092,2012-04-01
Neuendorf,2404,2024-03-01
Neuenegg,670,2024-03-01
Neuenhof,4034,2024-03-01
Neuenkirch,1093,2024-03-01
Neuhausen am Rheinfall,2937,2024-03-01
Neuheim,1705,2024-03-01
Neunforn,4601,2024-03-01
Neunkirch,2904,2024-03-01
Neyruz (FR),2211,2024-03-01
Neyruz-sur-Moudon,5679,2012-04-01
Nidau,743,2024-03-01
Niederbipp,981,2024-03-01
Niederbuchsiten,2405,2024-03-01
Niederbüren,3422,2024-03-01
Niederdorf,2891,2024-03-01
Niedergesteln,6198,2024-03-01
Niederglatt,89,2024-03-01
Niedergösgen,2495,2024-03-01
Niederhasli,90,2024-03-01
Niederhelfenschwil,3423,2024-03-01
Niederhünigen,617,2024-03-01
Niederlenz,4204,2024-03-01
Niedermuhlern,877,2024-03-01
Niederried bei Interlaken,588,2024-03-01
Niederried bei Kallnach,308,2012-04-01
Niederrohrdorf,4035,2024-03-01
Niederstocken,764,2013-04-14
Niederurnen,1622,2010-11-21
Niederwald,6064,2016-07-01
Niederweningen,91,2024-03-01
Niederwil (AG),4072,2024-03-01
Niederwil (SO),2552,2010-11-21
Niederönz,982,2024-03-01
Niederösch,417,2015-01-01
Noble-Contrée,6254,2024-03-01
Nods,724,2024-03-01
Noflen,878,2017-04-02
Noréaz,2213,2019-01-01
Nottwil,1094,2024-03-01
Novaggio,5207,2024-03-01
Novalles,5564,2024-03-01
Novazzano,5260,2024-03-01
Noville,5408,2024-03-01
Nufenen,3693,2018-04-01
Nuglar-St. Pantaleon,2478,2024-03-01
Nunningen,2621,2024-03-01
Nusshof,2854,2024-03-01
Nuvilly,2035,2024-03-01
Nyon,5724,2024-03-01
Näfels,1619,2010-11-21
Nürensdorf,64,2024-03-01
Oberbalm,357,2024-03-01
Oberbipp,983,2024-03-01
Oberbuchsiten,2406,2024-03-01
Oberburg,418,2024-03-01
Oberbözberg,4108,2012-04-01
Oberbüren,3424,2024-03-01
Oberdiessbach,619,2024-03-01
Oberdorf (BL),2892,2024-03-01
Oberdorf (NW),1508,2024-03-01
Oberdorf (SO),2553,2024-03-01
Oberegg,3111,2024-03-01
Oberembrach,65,2024-03-01
Oberems,6112,2024-03-01
Oberengstringen,245,2024-03-01
Oberentfelden,4010,2024-03-01
Oberflachs,4109,2013-04-14
Obergerlafingen,2528,2024-03-01
Oberglatt,92,2024-03-01
Obergoms,6076,2024-03-01
Obergösgen,2497,2024-03-01
Oberhallau,2972,2024-03-01
Oberhelfenschwil,3375,2022-05-01
Oberhof,4173,2024-03-01
Oberhofen am Thunersee,934,2024-03-01
Oberhünigen,629,2024-03-01
Oberiberg,1368,2024-03-01
Oberkirch,1095,2024-03-01
Oberkulm,4140,2024-03-01
Oberlangenegg,935,2024-03-01
Oberlunkhofen,4073,2024-03-01
Obermumpf,4256,2024-03-01
Oberried am Brienzersee,589,2024-03-01
Oberrieden,137,2024-03-01
Oberriet (SG),3254,2024-03-01
Oberrohrdorf,4037,2024-03-01
Oberrüti,4237,2024-03-01
Obersaxen,3612,2015-01-01
Obersaxen Mundaun,3988,2024-03-01
Oberschrot,2298,2016-07-01
Obersiggenthal,4038,2024-03-01
Oberstammheim,36,2018-04-01
Obersteckholz,334,2020-10-18
Oberstocken,765,2013-04-14
Oberthal,620,2024-03-01
Oberurnen,1623,2010-11-21
Oberuzwil,3407,2024-03-01
Oberweningen,93,2024-03-01
Oberwil (BL),2771,2024-03-01
Oberwil bei Büren,391,2024-03-01
Oberwil im Simmental,766,2024-03-01
Oberwil-Lieli,4074,2024-03-01
Oberägeri,1706,2024-03-01
Oberösch,419,2015-01-01
Obfelden,10,2024-03-01
Obstalden,1624,2010-11-21
Ochlenberg,985,2024-03-01
Oekingen,2529,2024-03-01
Oensingen,2407,2024-03-01
Oeschenbach,335,2024-03-01
Oeschgen,4175,2024-03-01
Oetwil am See,157,2024-03-01
Oetwil an der Limmat,246,2024-03-01
Oftringen,4280,2024-03-01
Ogens,5680,2024-03-01
Ohmstal,1138,2012-04-01
Oleyres,5461,2011-01-01
Ollon,5409,2024-03-01
Olsberg,4257,2024-03-01
Olten,2581,2024-03-01
Oltingen,2855,2024-03-01
Onex,6631,2024-03-01
Onnens (VD),5565,2024-03-01
Onsernone,5136,2024-03-01
Opfikon,66,2024-03-01
Oppens,5923,2024-03-01
Oppligen,622,2024-03-01
Orbe,5757,2024-03-01
Orges,5924,2024-03-01
Origlio,5208,2024-03-01
Ormalingen,2856,2024-03-01
Ormont-Dessous,5410,2024-03-01
Ormont-Dessus,5411,2024-03-01
Orny,5493,2024-03-01
Oron,5805,2024-03-01
Oron-la-Ville,5793,2011-07-01
Oron-le-Châtel,5794,2011-07-01
Orpund,744,2024-03-01
Orselina,5121,2024-03-01
Orsières,6034,2024-03-01
Orvin,438,2024-03-01
Orzens,5925,2024-03-01
Osco,5075,2012-01-01
Osogna,5286,2017-01-01
Ossingen,37,2024-03-01
Ostermundigen,363,2024-03-01
Otelfingen,94,2024-03-01
Othmarsingen,4205,2024-03-01
Ottenbach,11,2024-03-01
Oulens-sous-Echallens,5529,2024-03-01
Oulens-sur-Lucens,5681,2011-01-01
Pailly,5530,2024-03-01
Palézieux,5795,2011-07-01
Pampigny,5494,2021-04-18
Paradiso,5210,2024-03-01
Paspels,3634,2014-05-01
Paudex,5588,2024-03-01
Payerne,5822,2024-03-01
Peist,3929,2012-04-01
Peney-le-Jorat,5796,2011-01-01
Penthalaz,5495,2024-03-01
Penthaz,5496,2024-03-01
Penthéréaz,5531,2024-03-01
Perly-Certoux,6632,2024-03-01
Perrefitte,701,2024-03-01
Perroy,5860,2024-03-01
Personico,5076,2024-03-01
Peseux,6412,2020-10-18
Petit-Val,716,2024-03-01
Peyres-Possens,5682,2012-04-01
Pfaffnau,1139,2024-03-01
Pfeffikon,1096,2012-04-01
Pfeffingen,2772,2024-03-01
Pfungen,224,2024-03-01
Pfyn,4841,2024-03-01
Pfäfers,3294,2024-03-01
Pfäffikon,177,2024-03-01
Pianezzo,5014,2017-01-01
Piazzogna,5123,2010-01-01
Pierrafortscha,2216,2024-03-01
Pieterlen,392,2024-03-01
Pigniu,3613,2013-04-14
Pitasch,3578,2013-04-14
Pizy,5433,2011-01-01
Plaffeien,2299,2024-03-01
Plagne,440,2013-04-14
Plan-les-Ouates,6633,2024-03-01
Plasselb,2300,2024-03-01
Plateau de Diesse,726,2024-03-01
Pleigne,6719,2024-03-01
Pohlern,936,2024-03-01
Poliez-Pittet,5533,2024-03-01
Poliez-le-Grand,5532,2011-01-01
Pollegio,5077,2024-03-01
Pompaples,5497,2024-03-01
Pomy,5926,2024-03-01
Pont-en-Ogoz,2122,2024-03-01
Pont-la-Ville,2147,2024-03-01
Ponte Capriasca,5212,2024-03-01
Ponte Tresa,5213,2021-01-01
Pontenet,702,2014-05-01
Ponthaux,2217,2024-03-01
Pontresina,3784,2024-03-01
Porrentruy,6800,2024-03-01
Port,745,2024-03-01
Port-Valais,6154,2024-03-01
Porza,5214,2024-03-01
Poschiavo,3561,2024-03-01
Prahins,5927,2011-07-01
Prangins,5725,2024-03-01
Prato (Leventina),5078,2024-03-01
Pratteln,2831,2024-03-01
Pratval,3635,2014-05-01
Pregny-Chambésy,6634,2024-03-01
Premier,5759,2024-03-01
Preonzo,5015,2017-01-01
Presinge,6635,2024-03-01
Prez,2237,2024-03-01
Prez-vers-Noréaz,2221,2019-01-01
Prilly,5589,2024-03-01
Provence,5566,2024-03-01
Préverenges,5643,2024-03-01
Prévondavaux,2038,2024-03-01
Prévonloup,5683,2024-03-01
Prêles,725,2013-04-14
Puidoux,5607,2024-03-01
Pully,5590,2024-03-01
Puplinge,6636,2024-03-01
Pura,5216,2024-03-01
Péry,439,2014-05-01
Péry-La Heutte,450,2024-03-01
Quarten,3295,2024-03-01
Quinto,5079,2024-03-01
Radelfingen,309,2024-03-01
Rafz,67,2024-03-01
Rain,1037,2024-03-01
Ramlinsburg,2832,2024-03-01
Ramosch,3751,2012-04-01
Ramsen,2963,2024-03-01
Rances,5760,2024-03-01
Randa,6287,2024-03-01
Randogne,6244,2016-07-01
Raperswilen,4846,2024-03-01
Rapperswil (BE),310,2024-03-01
Rapperswil-Jona,3340,2024-03-01
Raron,6199,2024-03-01
Realp,1212,2024-03-01
Rebeuvelier,6720,2018-04-01
Rebstein,3255,2024-03-01
Rebévelier,715,2024-03-01
Recherswil,2530,2024-03-01
Rechthalten,2301,2024-03-01
Reckingen-Gluringen,6075,2016-07-01
Reconvilier,703,2024-03-01
Regensberg,95,2024-03-01
Regensdorf,96,2024-03-01
Rehetobel,3034,2024-03-01
Reichenbach im Kandertal,567,2024-03-01
Reichenburg,1345,2024-03-01
Reiden,1140,2024-03-01
Reigoldswil,2893,2024-03-01
Reinach (AG),4141,2024-03-01
Reinach (BL),2773,2024-03-01
Reisiswil,336,2024-03-01
Reitnau,4281,2024-03-01
Rekingen (AG),4315,2021-07-01
Remaufens,2333,2024-03-01
Remetschwil,4039,2024-03-01
Remigen,4110,2024-03-01
Renan (BE),441,2024-03-01
Renens (VD),5591,2024-03-01
Rennaz,5412,2024-03-01
Reute (AR),3035,2024-03-01
Reutigen,767,2024-03-01
Reverolle,5644,2021-04-18
Rheinau,38,2024-03-01
Rheineck,3235,2024-03-01
Rheinfelden,4258,2024-03-01
Rheinwald,3714,2024-03-01
Rhäzüns,3723,2024-03-01
Riaz,2148,2024-03-01
Richterswil,138,2024-03-01
Rickenbach (BL),2857,2024-03-01
Rickenbach (LU),1097,2024-03-01
Rickenbach (SO),2582,2024-03-01
Rickenbach (TG),4751,2024-03-01
Rickenbach (ZH),225,2024-03-01
Riddes,6139,2024-03-01
Ried bei Kerzers,2276,2024-03-01
Ried-Brig,6008,2024-03-01
Rieden,3314,2012-04-01
Riederalp,6181,2024-03-01
Riedern,1625,2010-11-21
Riedholz,2554,2024-03-01
Riehen,2703,2024-03-01
Riein,3579,2013-04-14
Riemenstalden,1369,2024-03-01
Rietheim,4316,2021-07-01
Riex,5608,2011-01-01
Rifferswil,12,2024-03-01
Riggisberg,879,2024-03-01
Ringgenberg (BE),590,2024-03-01
Riniken,4111,2024-03-01
Riom-Parsonz,3536,2015-01-01
Risch,1707,2024-03-01
Riva San Vitale,5263,2024-03-01
Rivaz,5609,2024-03-01
Rivera,5217,2010-04-25
Riviera,5287,2024-03-01
Roche (VD),5413,2024-03-01
Rochefort,6413,2024-03-01
Roches (BE),704,2024-03-01
Rocourt,6803,2017-04-02
Rodels,3636,2014-05-01
Rodersdorf,2479,2024-03-01
Roggenburg,2790,2024-03-01
Roggliswil,1142,2024-03-01
Roggwil (BE),337,2024-03-01
Roggwil (TG),4431,2024-03-01
Rohr (SO),2498,2020-10-18
Rohrbach,338,2024-03-01
Rohrbachgraben,339,2024-03-01
Rolle,5861,2024-03-01
Romainmôtier-Envy,5761,2024-03-01
Romairon,5567,2011-01-01
Romanel-sur-Lausanne,5592,2024-03-01
Romanel-sur-Morges,5645,2024-03-01
Romanshorn,4436,2024-03-01
Romont (BE),442,2024-03-01
Romont (FR),2096,2024-03-01
Romoos,1007,2024-03-01
Ronco sopra Ascona,5125,2024-03-01
Rongellen,3711,2024-03-01
Root,1065,2024-03-01
Ropraz,5798,2024-03-01
Rorbas,68,2024-03-01
Rorschach,3215,2024-03-01
Rorschacherberg,3216,2024-03-01
Rossa,3808,2024-03-01
Rossemaison,6721,2024-03-01
Rossenges,5684,2024-03-01
Rossens (FR),2222,2015-01-01
Rossinière,5842,2024-03-01
Rothenbrunnen,3637,2024-03-01
Rothenburg,1040,2024-03-01
Rothenfluh,2858,2024-03-01
Rothenthurm,1370,2024-03-01
Rothrist,4282,2024-03-01
Rottenschwil,4238,2024-03-01
Rougemont,5843,2024-03-01
Roveredo (GR),3834,2024-03-01
Rovio,5219,2022-01-01
Rovray,5928,2024-03-01
Rubigen,623,2024-03-01
Rudolfstetten-Friedlisberg,4075,2024-03-01
Rue,2097,2024-03-01
Rueun,3614,2013-04-14
Rueyres,5534,2024-03-01
Rueyres-les-Prés,2039,2016-07-01
Rumendingen,421,2024-03-01
Rumisberg,987,2024-03-01
Rupperswil,4206,2024-03-01
Ruppoldsried,548,2012-04-01
Ruschein,3580,2013-04-14
Russikon,178,2024-03-01
Russin,6637,2024-03-01
Russy,2040,2015-01-01
Ruswil,1098,2024-03-01
Römerswil,1039,2024-03-01
Röschenz,2791,2024-03-01
Röthenbach im Emmental,904,2024-03-01
Rüderswil,905,2024-03-01
Rüdlingen,2938,2024-03-01
Rüdtligen-Alchenflüh,420,2024-03-01
Rüeggisberg,880,2024-03-01
Rüegsau,956,2024-03-01
Rüfenach,4112,2024-03-01
Rümikon,4317,2021-07-01
Rümlang,97,2024-03-01
Rümligen,881,2020-10-18
Rümlingen,2859,2024-03-01
Rünenberg,2860,2024-03-01
Rüschegg,853,2024-03-01
Rüschlikon,139,2024-03-01
Rüte,3103,2022-04-10
Rüthi (SG),3256,2024-03-01
Rüti (GL),1626,2010-11-21
Rüti (ZH),118,2024-03-01
Rüti bei Büren,393,2024-03-01
Rüti bei Lyssach,422,2024-03-01
Rütschelen,340,2024-03-01
Rüttenen,2555,2024-03-01
S-chanf,3788,2024-03-01
Saanen,843,2024-03-01
Saas,3883,2015-01-01
Saas-Almagell,6288,2024-03-01
Saas-Balen,6289,2024-03-01
Saas-Fee,6290,2024-03-01
Saas-Grund,6291,2024-03-01
Sachseln,1406,2024-03-01
Safenwil,4283,2024-03-01
Safien,3651,2012-04-01
Safiental,3672,2024-03-01
Safnern,746,2024-03-01
Sagogn,3581,2024-03-01
Saicourt,706,2024-03-01
Saignelégier,6757,2024-03-01
Saillon,6140,2024-03-01
Saint-Aubin (FR),2041,2024-03-01
Saint-Aubin-Sauges,6414,2017-04-02
Saint-Barthélemy (VD),5535,2024-03-01
Saint-Blaise,6459,2024-03-01
Saint-Brais,6758,2024-03-01
Saint-Cergue,5727,2024-03-01
Saint-Cierges,5685,2012-04-01
Saint-George,5434,2024-03-01
Saint-Gingolph,6155,2024-03-01
Saint-Imier,443,2024-03-01
Saint-Livres,5435,2024-03-01
Saint-Légier-La Chiésaz,5888,2021-07-01
Saint-Léonard,6246,2024-03-01
Saint-Martin (FR),2335,2024-03-01
Saint-Martin (VS),6087,2024-03-01
Saint-Maurice,6217,2024-03-01
Saint-Oyens,5436,2024-03-01
Saint-Prex,5646,2024-03-01
Saint-Saphorin (Lavaux),5610,2024-03-01
Saint-Saphorin-sur-Morges,5647,2011-01-01
Saint-Sulpice (VD),5648,2024-03-01
Sainte-Croix,5568,2024-03-01
Salenstein,4851,2024-03-01
Salgesch,6113,2024-03-01
Salins,6264,2012-04-01
Salmsach,4441,2024-03-01
Salouf,3538,2015-01-01
Salvan,6218,2024-03-01
Salvenach,2277,2015-01-01
Samedan,3786,2024-03-01
Samnaun,3752,2024-03-01
San Nazzaro,5127,2010-01-01
San Vittore,3835,2024-03-01
Sant'Abbondio,5128,2010-01-01
Sant'Antonino,5017,2024-03-01
Sant'Antonio,5018,2017-01-01
Santa Maria in Calanca,3810,2024-03-01
Sargans,3296,2024-03-01
Sarmenstorf,4076,2024-03-01
Sarnen,1407,2024-03-01
Sarzens,5686,2016-07-01
Sassel,5824,2011-01-01
Satigny,6638,2024-03-01
Sattel,1371,2024-03-01
Saubraz,5437,2024-03-01
Sauge,449,2024-03-01
Saulcy,6722,2024-03-01
Saules (BE),707,2024-03-01
Savagnier,6484,2012-04-01
Savigny,5611,2024-03-01
Savièse,6265,2024-03-01
Savognin,3539,2015-01-01
Savosa,5221,2024-03-01
Saxeten,591,2024-03-01
Saxon,6141,2024-03-01
Schaffhausen,2939,2024-03-01
Schafisheim,4207,2024-03-01
Schalunen,549,2013-04-14
Schangnau,906,2024-03-01
Scharans,3638,2024-03-01
Schattdorf,1213,2024-03-01
Schattenhalb,786,2024-03-01
Schelten,708,2024-03-01
Schenkon,1099,2024-03-01
Scherz,4113,2017-04-02
Scheunen,550,2013-04-14
Scheuren,747,2024-03-01
Schiers,3962,2024-03-01
Schinznach,4125,2024-03-01
Schinznach-Bad,4114,2019-01-01
Schinznach-Dorf,4115,2013-04-14
Schlans,3984,2011-07-01
Schlatt (TG),4546,2024-03-01
Schlatt (ZH),226,2024-03-01
Schlatt-Haslen,3104,2024-03-01
Schleinikon,98,2024-03-01
Schleitheim,2952,2024-03-01
Schlierbach,1100,2024-03-01
Schlieren,247,2024-03-01
Schlossrued,4142,2024-03-01
Schlosswil,624,2017-04-02
Schluein,3582,2024-03-01
Schmerikon,3338,2024-03-01
Schmiedrued,4143,2024-03-01
Schmitten (FR),2305,2024-03-01
Schmitten (GR),3514,2024-03-01
Schnaus,3583,2013-04-14
Schneisingen,4318,2024-03-01
Schnottwil,2461,2024-03-01
Schongau,1041,2024-03-01
Schupfart,4259,2024-03-01
Schwaderloch,4176,2024-03-01
Schwadernau,748,2024-03-01
Schwanden (GL),1627,2010-11-21
Schwanden bei Brienz,592,2024-03-01
Schwarzenberg,1066,2024-03-01
Schwarzenburg,855,2024-03-01
Schwarzhäusern,341,2024-03-01
Schwellbrunn,3004,2024-03-01
Schwende,3105,2022-04-10
Schwende-Rüte,3112,2024-03-01
Schwendibach,937,2019-01-01
Schwerzenbach,197,2024-03-01
Schwyz,1372,2024-03-01
Schwändi,1628,2010-11-21
Schänis,3315,2024-03-01
Schöfflisdorf,99,2024-03-01
Schöftland,4144,2024-03-01
Schönenberg (ZH),140,2018-04-01
Schönenbuch,2774,2024-03-01
Schönengrund,3003,2024-03-01
Schönenwerd,2583,2024-03-01
Schönholzerswilen,4756,2024-03-01
Schötz,1143,2024-03-01
Schübelbach,1346,2024-03-01
Schüpfen,311,2024-03-01
Schüpfheim,1008,2024-03-01
Scuol,3762,2024-03-01
Seeberg,988,2024-03-01
Seedorf (BE),312,2024-03-01
Seedorf (UR),1214,2024-03-01
Seegräben,119,2024-03-01
Seehof,709,2024-03-01
Seelisberg,1215,2024-03-01
Seengen,4208,2024-03-01
Seewen,2480,2024-03-01
Seewis im Prättigau,3972,2024-03-01
Seftigen,883,2024-03-01
Seigneux,5826,2011-01-01
Selma,3811,2014-05-01
Seltisberg,2833,2024-03-01
Selzach,2556,2024-03-01
Sembrancher,6035,2024-03-01
Sementina,5019,2017-01-01
Semione,5046,2012-01-01
Sempach,1102,2024-03-01
Semsales,2336,2024-03-01
Senarclens,5499,2024-03-01
Sennwald,3274,2024-03-01
Sent,3763,2014-05-01
Senèdes,2225,2020-10-18
Seon,4209,2024-03-01
Sergey,5762,2024-03-01
Serravalle,5050,2024-03-01
Servion,5799,2024-03-01
Sessa,5222,2021-01-01
Seuzach,227,2024-03-01
Sevelen,3275,2024-03-01
Sevgein,3584,2013-04-14
Siat,3615,2013-04-14
Siblingen,2953,2024-03-01
Sierre,6248,2024-03-01
Sigirino,5223,2010-04-25
Siglistorf,4319,2024-03-01
Signau,907,2024-03-01
Signy-Avenex,5728,2024-03-01
Sigriswil,938,2024-03-01
Silenen,1216,2024-03-01
Sils im Domleschg,3640,2024-03-01
Sils im Engadin/Segl,3789,2024-03-01
Silvaplana,3790,2024-03-01
Simplon,6009,2024-03-01
Sins,4239,2024-03-01
Sion,6266,2024-03-01
Sirnach,4761,2024-03-01
Siselen,499,2024-03-01
Sisikon,1217,2024-03-01
Sissach,2861,2024-03-01
Sisseln,4177,2024-03-01
Siviriez,2099,2024-03-01
Soazza,3823,2024-03-01
Sobrio,5081,2016-01-01
Solothurn,2601,2024-03-01
Sommeri,4446,2024-03-01
Sonceboz-Sombeval,444,2024-03-01
Sonogno,5129,2020-10-17
Sonvico,5224,2013-01-01
Sonvilier,445,2024-03-01
Sool,1629,2010-11-21
Soral,6639,2024-03-01
Sorengo,5225,2024-03-01
Sorens,2153,2024-03-01
Sornetan,710,2014-05-01
Sorvilier,711,2024-03-01
Sottens,5687,2011-01-01
Soubey,6759,2024-03-01
Souboz,712,2014-05-01
Soulce,6723,2012-04-01
Soyhières,6724,2024-03-01
Speicher,3023,2024-03-01
Spiez,768,2024-03-01
Spiringen,1218,2024-03-01
Splügen,3694,2018-04-01
Spreitenbach,4040,2024-03-01
St. Antoni,2302,2020-10-18
St. Antönien,3893,2015-01-01
St. Gallen,3203,2024-03-01
St. Gallenkappel,3337,2012-04-01
St. Margrethen,3236,2024-03-01
St. Martin,3598,2014-05-01
St. Moritz,3787,2024-03-01
St. Niklaus,6292,2024-03-01
St. Peter-Pagig,3931,2012-04-01
St. Silvester,2303,2024-03-01
St. Stephan,793,2024-03-01
St. Ursen,2304,2024-03-01
Stabio,5266,2024-03-01
Stadel,100,2024-03-01
Staffelbach,4284,2024-03-01
Stalden (VS),6293,2024-03-01
Staldenried,6294,2024-03-01
Stallikon,13,2024-03-01
Stammheim,292,2024-03-01
Stans,1509,2024-03-01
Stansstad,1510,2024-03-01
Starrkirch-Wil,2584,2024-03-01
Staufen,4210,2024-03-01
Steckborn,4864,2024-03-01
Steffisburg,939,2024-03-01
Steg-Hohtenn,6204,2024-03-01
Stein (AG),4260,2024-03-01
Stein (AR),3005,2024-03-01
Stein (SG),3356,2012-04-01
Stein am Rhein,2964,2024-03-01
Steinach,3217,2024-03-01
Steinen,1373,2024-03-01
Steinerberg,1374,2024-03-01
Steinhausen,1708,2024-03-01
Steinhof,2531,2011-07-01
Steinmaur,101,2024-03-01
Sternenberg,179,2014-05-01
Stetten (AG),4041,2024-03-01
Stetten (SH),2919,2024-03-01
Stettfurt,4606,2024-03-01
Stettlen,358,2024-03-01
Stierva,3504,2014-05-01
Stocken-Höfen,770,2024-03-01
Strengelbach,4285,2024-03-01
Studen (BE),749,2024-03-01
Stäfa,158,2024-03-01
Stüsslingen,2499,2024-03-01
Subingen,2532,2024-03-01
Suchy,5929,2024-03-01
Sufers,3695,2024-03-01
Sugnens,5536,2011-01-01
Suhr,4012,2024-03-01
Sulgen,4506,2024-03-01
Sullens,5501,2024-03-01
Sumiswald,957,2024-03-01
Sumvitg,3985,2024-03-01
Sur,3540,2015-01-01
Suraua,3599,2012-04-01
Surava,3515,2014-05-01
Surpierre,2044,2024-03-01
Sursee,1103,2024-03-01
Surses,3543,2024-03-01
Susch,3744,2014-05-01
Suscévaz,5930,2024-03-01
Sutz-Lattrigen,750,2024-03-01
Syens,5688,2024-03-01
Sâles,2152,2024-03-01
Sévaz,2043,2024-03-01
Sévery,5500,2021-04-18
Tafers,2306,2024-03-01
Tamins,3733,2024-03-01
Tannay,5729,2024-03-01
Tarasp,3745,2014-05-01
Tartegnin,5862,2024-03-01
Tavannes,713,2024-03-01
Tecknau,2862,2024-03-01
Tegerfelden,4320,2024-03-01
Tegna,5130,2013-01-01
Tenero-Contra,5131,2024-03-01
Tenna,3652,2012-04-01
Tenniken,2863,2024-03-01
Tentlingen,2307,2024-03-01
Termen,6010,2024-03-01
Terre di Pedemonte,5396,2024-03-01
Teufen (AR),3024,2024-03-01
Teufenthal (AG),4145,2024-03-01
Teuffenthal (BE),940,2024-03-01
Thal,3237,2024-03-01
Thalheim (AG),4117,2024-03-01
Thalheim an der Thur,39,2024-03-01
Thalwil,141,2024-03-01
Thayngen,2920,2024-03-01
Therwil,2775,2024-03-01
Thierachern,941,2024-03-01
Thierrens,5689,2012-04-01
Thun,942,2024-03-01
Thundorf,4611,2024-03-01
Thunstetten,342,2024-03-01
Thurnen,889,2024-03-01
Thusis,3668,2024-03-01
Thônex,6640,2024-03-01
Thörigen,989,2024-03-01
Thürnen,2864,2024-03-01
Tiefencastel,3505,2014-05-01
Tinizong-Rona,3541,2015-01-01
Titterten,2894,2024-03-01
Tobel-Tägerschen,4776,2024-03-01
Toffen,884,2024-03-01
Tolochenaz,5649,2024-03-01
Tomils,3671,2014-05-01
Torny,2115,2024-03-01
Torricella-Taverne,5227,2024-03-01
Trachselwald,958,2024-03-01
Tramelan,446,2024-03-01
Trasadingen,2973,2024-03-01
Treiten,500,2024-03-01
Tresa,5239,2024-03-01
Trey,5827,2024-03-01
Treycovagnes,5931,2024-03-01
Treytorrens (Payerne),5828,2024-03-01
Treyvaux,2226,2024-03-01
Triengen,1104,2024-03-01
Trient,6142,2024-03-01
Trimbach,2500,2024-03-01
Trimmis,3945,2024-03-01
Trimstein,631,2012-04-01
Trin,3734,2024-03-01
Trogen,3025,2024-03-01
Troinex,6641,2024-03-01
Troistorrents,6156,2024-03-01
Trub,908,2024-03-01
Trubschachen,909,2024-03-01
Trun,3987,2024-03-01
Truttikon,41,2024-03-01
Trélex,5730,2024-03-01
Trüllikon,40,2024-03-01
Tschappina,3669,2024-03-01
Tscheppach,2462,2013-04-14
Tschiertschen-Praden,3932,2024-03-01
Tschlin,3753,2012-04-01
Tschugg,501,2024-03-01
Tuggen,1347,2024-03-01
Tujetsch,3986,2024-03-01
Turbenthal,228,2024-03-01
Turgi,4042,2023-01-01
Turtmann,6114,2012-04-01
Turtmann-Unterems,6119,2024-03-01
Twann-Tüscherz,756,2024-03-01
Tägerig,4077,2024-03-01
Tägertschi,625,2016-07-01
Tägerwilen,4696,2024-03-01
Täsch,6295,2024-03-01
Täuffelen,751,2024-03-01
Tévenon,5571,2024-03-01
Törbel,6296,2024-03-01
Tübach,3218,2024-03-01
Udligenswil,1067,2024-03-01
Ueberstorf,2308,2024-03-01
Uebeschi,943,2024-03-01
Ueken,4179,2022-05-01
Uerkheim,4286,2024-03-01
Uesslingen-Buch,4616,2024-03-01
Uetendorf,944,2024-03-01
Uetikon am See,159,2024-03-01
Uezwil,4078,2024-03-01
Ufhusen,1145,2024-03-01
Uitikon,248,2024-03-01
Ulmiz,2278,2024-03-01
Undervelier,6725,2012-04-01
Unterbäch,6201,2024-03-01
Unterbözberg,4119,2012-04-01
Untereggen,3219,2024-03-01
Unterems,6115,2012-04-01
Unterendingen,4321,2013-04-14
Unterengstringen,249,2024-03-01
Unterentfelden,4013,2024-03-01
Unteriberg,1375,2024-03-01
Unterkulm,4146,2024-03-01
Unterlangenegg,945,2024-03-01
Unterlunkhofen,4079,2024-03-01
Unterramsern,2463,2024-03-01
Unterschächen,1219,2024-03-01
Unterseen,593,2024-03-01
Untersiggenthal,4044,2024-03-01
Unterstammheim,42,2018-04-01
Untervaz,3946,2024-03-01
Unterägeri,1709,2024-03-01
Urdorf,250,2024-03-01
Urmein,3670,2024-03-01
Urnäsch,3006,2024-03-01
Ursenbach,344,2024-03-01
Ursins,5932,2024-03-01
Ursy,2102,2024-03-01
Urtenen-Schönbühl,551,2024-03-01
Uster,198,2024-03-01
Uttigen,885,2024-03-01
Uttwil,4451,2024-03-01
Utzenstorf,552,2024-03-01
Uznach,3339,2024-03-01
Uzwil,3408,2024-03-01
Vacallo,5268,2024-03-01
Val Mara,5240,2024-03-01
Val Müstair,3847,2024-03-01
Val Terbi,6730,2024-03-01
Val de Bagnes,6037,2024-03-01
Val-d'Illiez,6157,2024-03-01
Val-de-Charmey,2163,2024-03-01
Val-de-Ruz,6487,2024-03-01
Val-de-Travers,6512,2024-03-01
Valangin,6485,2020-10-18
Valbirse,717,2024-03-01
Valbroye,5831,2024-03-01
Valcolla,5229,2013-01-01
Valendas,3586,2012-04-01
Valeyres-sous-Montagny,5933,2024-03-01
Valeyres-sous-Rances,5763,2024-03-01
Valeyres-sous-Ursins,5934,2024-03-01
Vallamand,5462,2011-01-01
Vallon,2045,2024-03-01
Vallorbe,5764,2024-03-01
Vals,3603,2024-03-01
Valsot,3764,2024-03-01
Valzeina,3973,2010-11-21
Vandoeuvres,6642,2024-03-01
Varen,6116,2024-03-01
Vauffelin,447,2013-04-14
Vaugondry,5569,2011-01-01
Vaulion,5765,2024-03-01
Vaulruz,2155,2024-03-01
Vaumarcus,6415,2017-04-02
Vaux-sur-Morges,5650,2024-03-01
Vaz/Obervaz,3506,2024-03-01
Vechigen,359,2024-03-01
Vella,3605,2012-04-01
Vellerat,6728,2018-04-01
Veltheim (AG),4120,2024-03-01
Vendlincourt,6806,2024-03-01
Venthône,6249,2020-10-18
Verdabbio,3836,2016-07-01
Vergeletto,5132,2016-01-01
Vermes,6726,2012-04-01
Vernamiège,6088,2010-11-21
Vernate,5230,2024-03-01
Vernay,2052,2016-07-01
Vernayaz,6219,2024-03-01
Vernier,6643,2024-03-01
Versam,3587,2012-04-01
Verscio,5133,2013-01-01
Versoix,6644,2024-03-01
Verzasca,5399,2024-03-01
Vevey,5890,2024-03-01
Vex,6089,2024-03-01
Veyras,6250,2020-10-18
Veyrier,6645,2024-03-01
Veysonnaz,6267,2024-03-01
Veytaux,5891,2024-03-01
Vezia,5231,2024-03-01
Vich,5732,2024-03-01
Vico Morcote,5233,2024-03-01
Vicques,6727,2012-04-01
Vignogn,3604,2012-04-01
Villarepos,2279,2016-07-01
Villars-Bramard,5829,2011-01-01
Villars-Burquin,5570,2011-01-01
Villars-Epeney,5935,2024-03-01
Villars-Mendraz,5691,2011-01-01
Villars-Sainte-Croix,5651,2024-03-01
Villars-Tiercelin,5538,2011-01-01
Villars-le-Comte,5690,2024-03-01
Villars-le-Grand,5463,2011-01-01
Villars-le-Terroir,5537,2024-03-01
Villars-sous-Champvent,5936,2011-07-01
Villars-sous-Yens,5652,2024-03-01
Villars-sur-Glâne,2228,2024-03-01
Villarsel-sur-Marly,2230,2024-03-01
Villarvolard,2159,2010-11-21
Villarzel,5830,2024-03-01
Villaz,2117,2024-03-01
Villaz-Saint-Pierre,2111,2019-01-01
Villeneuve (FR),2047,2016-07-01
Villeneuve (VD),5414,2024-03-01
Villeret,448,2024-03-01
Villette (Lavaux),5612,2011-01-01
Villiers,6486,2012-04-01
Villigen,4121,2024-03-01
Villmergen,4080,2024-03-01
Villnachern,4122,2024-03-01
Villorsonnens,2114,2024-03-01
Vilters-Wangs,3297,2024-03-01
Vinelz,502,2024-03-01
Vinzel,5863,2024-03-01
Vionnaz,6158,2024-03-01
Vira (Gambarogno),5134,2010-01-01
Visp,6297,2024-03-01
Visperterminen,6298,2024-03-01
Vitznau,1068,2024-03-01
Vogorno,5135,2020-10-17
Volken,43,2024-03-01
Volketswil,199,2024-03-01
Vollèges,6036,2020-10-18
Vordemwald,4287,2024-03-01
Vorderthal,1348,2024-03-01
Vouvry,6159,2024-03-01
Vrin,3606,2012-04-01
Vuadens,2160,2024-03-01
Vuarmarens,2112,2011-07-01
Vuarrens,5539,2024-03-01
Vucherens,5692,2024-03-01
Vufflens-la-Ville,5503,2024-03-01
Vufflens-le-Château,5653,2024-03-01
Vugelles-La Mothe,5937,2024-03-01
Vuibroye,5802,2011-07-01
Vuissens,2049,2016-07-01
Vuisternens-devant-Romont,2113,2024-03-01
Vuisternens-en-Ogoz,2231,2015-01-01
Vuiteboeuf,5766,2024-03-01
Vulliens,5803,2024-03-01
Vullierens,5654,2024-03-01
Vully-les-Lacs,5464,2024-03-01
Vérossaz,6220,2024-03-01
Vétroz,6025,2024-03-01
Wachseldorn,946,2024-03-01
Wagenhausen,4871,2024-03-01
Wahlen,2792,2024-03-01
Wahlern,854,2010-11-21
Walchwil,1710,2024-03-01
Wald (AR),3036,2024-03-01
Wald (BE),888,2024-03-01
Wald (ZH),120,2024-03-01
Waldenburg,2895,2024-03-01
Waldkirch,3444,2024-03-01
Waldstatt,3007,2024-03-01
Walenstadt,3298,2024-03-01
Walkringen,626,2024-03-01
Wallbach,4261,2024-03-01
Wallenried,2283,2016-07-01
Wallisellen,69,2024-03-01
Walliswil bei Niederbipp,990,2024-03-01
Walliswil bei Wangen,991,2024-03-01
Walperswil,754,2024-03-01
Waltalingen,44,2018-04-01
Waltensburg/Vuorz,3616,2017-04-02
Waltenschwil,4240,2024-03-01
Walterswil (BE),959,2024-03-01
Walterswil (SO),2585,2024-03-01
Walzenhausen,3037,2024-03-01
Wangen (SZ),1349,2024-03-01
Wangen an der Aare,992,2024-03-01
Wangen bei Olten,2586,2024-03-01
Wangen-Brüttisellen,200,2024-03-01
Wangenried,993,2023-01-01
Wartau,3276,2024-03-01
Warth-Weiningen,4621,2024-03-01
Wassen,1220,2024-03-01
Wasterkingen,70,2024-03-01
Wattenwil,886,2024-03-01
Wattwil,3379,2024-03-01
Wauwil,1146,2024-03-01
Weesen,3316,2024-03-01
Wegenstetten,4262,2024-03-01
Weggis,1069,2024-03-01
Weiach,102,2024-03-01
Weinfelden,4946,2024-03-01
Weiningen (ZH),251,2024-03-01
Weisslingen,180,2024-03-01
Welschenrohr,2429,2020-10-18
Welschenrohr-Gänsbrunnen,2430,2024-03-01
Wengi,394,2024-03-01
Wenslingen,2865,2024-03-01
Werthenstein,1009,2024-03-01
Wettingen,4045,2024-03-01
Wettswil am Albis,14,2024-03-01
Wetzikon (ZH),121,2024-03-01
Wichtrach,632,2024-03-01
Widen,4081,2024-03-01
Widnau,3238,2024-03-01
Wiedlisbach,995,2024-03-01
Wiesendangen,298,2024-03-01
Wiggiswil,553,2024-03-01
Wigoltingen,4951,2024-03-01
Wikon,1147,2024-03-01
Wil (SG),3427,2024-03-01
Wil (ZH),71,2024-03-01
Wila,181,2024-03-01
Wilchingen,2974,2024-03-01
Wildberg,182,2024-03-01
Wilderswil,594,2024-03-01
Wildhaus-Alt St. Johann,3359,2024-03-01
Wilen (TG),4786,2024-03-01
Wiler (Lötschen),6202,2024-03-01
Wiler bei Utzenstorf,554,2024-03-01
Wileroltigen,671,2024-03-01
Wiliberg,4288,2024-03-01
Willadingen,423,2024-03-01
Willisau,1151,2024-03-01
Wimmis,769,2024-03-01
Windisch,4123,2024-03-01
Winkel,72,2024-03-01
Wintersingen,2866,2024-03-01
Winterthur,230,2024-03-01
Winznau,2501,2024-03-01
Wisen (SO),2502,2024-03-01
Wislikofen,4322,2021-07-01
Wittenbach,3204,2024-03-01
Witterswil,2481,2024-03-01
Wittinsburg,2867,2024-03-01
Wittnau,4181,2024-03-01
Wohlen (AG),4082,2024-03-01
Wohlen bei Bern,360,2024-03-01
Wohlenschwil,4046,2024-03-01
Wolfenschiessen,1511,2024-03-01
Wolfhalden,3038,2024-03-01
Wolfisberg,996,2019-01-01
Wolfwil,2408,2024-03-01
Wolhusen,1107,2024-03-01
Wollerau,1323,2024-03-01
Worb,627,2024-03-01
Worben,755,2024-03-01
Wuppenau,4791,2024-03-01
Wynau,345,2024-03-01
Wynigen,424,2024-03-01
Wyssachen,960,2024-03-01
Wädenswil,293,2024-03-01
Wäldi,4701,2024-03-01
Wängi,4781,2024-03-01
Wölflinswil,4182,2024-03-01
Wünnewil-Flamatt,2309,2024-03-01
Würenlingen,4047,2024-03-01
Würenlos,4048,2024-03-01
Yens,5655,2024-03-01
Yverdon-les-Bains,5938,2024-03-01
Yvonand,5939,2024-03-01
Yvorne,5415,2024-03-01
Zauggenried,555,2013-04-14
Zeglingen,2868,2024-03-01
Zeihen,4183,2024-03-01
Zeiningen,4263,2024-03-01
Zell (LU),1150,2024-03-01
Zell (ZH),231,2024-03-01
Zeneggen,6299,2024-03-01
Zermatt,6300,2024-03-01
Zernez,3746,2024-03-01
Zetzwil,4147,2024-03-01
Ziefen,2834,2024-03-01
Zielebach,556,2024-03-01
Zihlschlacht-Sitterdorf,4511,2024-03-01
Zillis-Reischen,3712,2024-03-01
Zizers,3947,2024-03-01
Zofingen,4289,2024-03-01
Zollikofen,361,2024-03-01
Zollikon,161,2024-03-01
Zuchwil,2534,2024-03-01
Zufikon,4083,2024-03-01
Zug,1711,2024-03-01
Zullwil,2622,2024-03-01
Zumholz,2310,2016-07-01
Zumikon,160,2024-03-01
Zunzgen,2869,2024-03-01
Zuoz,3791,2024-03-01
Zurzach,4324,2024-03-01
Zuzgen,4264,2024-03-01
Zuzwil (BE),557,2024-03-01
Zuzwil (SG),3426,2024-03-01
Zweisimmen,794,2024-03-01
Zwieselberg,947,2023-01-01
Zwingen,2793,2024-03-01
Zwischbergen,6011,2024-03-01
Zäziwil,628,2024-03-01
Zürich,261,2024-03-01
Aesch,"2761, 1021, 241","2024-03-01, 2024-03-01, 2024-03-01"
Aeschi,2511,2024-03-01
Altdorf,1201,2024-03-01
Andwil,3441,2024-03-01
Arni,"4061, 602","2024-03-01, 2024-03-01"
Au,3231,2024-03-01
Bargen,"302, 2931","2024-03-01, 2024-03-01"
Beinwil,"4224, 2612","2024-03-01, 2024-03-01"
Bellerive,5452,2011-01-01
Benken,"3312, 22","2024-03-01, 2024-03-01"
Berg,"3211, 4891","2024-03-01, 2024-03-01"
Bibern,2444,2013-04-14
Birmensdorf,242,2024-03-01
Birmenstorf,4024,2024-03-01
Bremgarten,4063,2024-03-01
Brienz,573,2024-03-01
Brione,5095,2020-10-17
Buch,2961,2024-03-01
Buchs,"4003, 3271, 83","2024-03-01, 2024-03-01, 2024-03-01"
Burg,4133,2022-05-01
Bussy,2004,2016-07-01
Büren,2472,2024-03-01
Bürglen,"4911, 1205","2024-03-01, 2024-03-01"
Campo,5307,2024-03-01
Carouge,6608,2024-03-01
Carrouge,5782,2016-04-10
Cerniat,2126,2013-04-14
Cerniaz,5811,2011-01-01
Chapelle,2066,2024-03-01
Châtillon,"2008, 6704","2024-03-01, 2024-03-01"
Colombier,"6406, 5630","2012-04-01, 2011-01-01"
Corcelles,687,2024-03-01
Corsier,6619,2024-03-01
Cottens,"2186, 5478","2024-03-01, 2021-04-18"
Crans,5713,2024-03-01
Cressier,"2257, 6452","2024-03-01, 2024-03-01"
Cugy,"2011, 5516","2024-03-01, 2024-03-01"
Dompierre,"2014, 5671","2015-01-01, 2024-03-01"
Ecublens,"2072, 5635","2024-03-01, 2024-03-01"
Ependes,"2189, 5914","2020-10-18, 2024-03-01"
Erlenbach,151,2024-03-01
Erlinsbach,"4005, 2503","2024-03-01, 2024-03-01"
Eschenbach,"1026, 3342","2024-03-01, 2024-03-01"
Ferlens,5789,2016-04-10
Fontaines,6479,2012-04-01
Forel,5604,2024-03-01
Gerra,5106,2010-01-01
Gossau,"3443, 115","2024-03-01, 2024-03-01"
Granges,2328,2024-03-01
Grub,3031,2024-03-01
Hasle,1005,2024-03-01
Hausen,4100,2024-03-01
Hauterive,"2233, 6454","2024-03-01, 2024-03-01"
Hergiswil,1507,2024-03-01
Hofstetten,222,2017-04-02
Holderbank,"4199, 2425","2024-03-01, 2024-03-01"
Kappel,2580,2024-03-01
Kilchberg,"2851, 135","2024-03-01, 2024-03-01"
Kirchberg,"412, 3392","2024-03-01, 2024-03-01"
Kirchdorf,872,2024-03-01
Küsnacht,154,2024-03-01
Küssnacht,1331,2024-03-01
La Chaux,5474,2024-03-01
Lajoux,6750,2024-03-01
Le Bémont,6741,2024-03-01
Le Pâquier,"2145, 6483","2024-03-01, 2012-04-01"
Leimbach,4137,2024-03-01
Lengnau,"4312, 387","2024-03-01, 2024-03-01"
Les Genevez,6748,2024-03-01
Lohn,"3707, 2917","2020-10-18, 2024-03-01"
Lully,"2025, 5639","2024-03-01, 2024-03-01"
Marbach,"1006, 3253","2012-04-01, 2024-03-01"
Medel,3983,2024-03-01
Mex,"5489, 6216","2024-03-01, 2012-04-01"
Mollens,"5431, 6242","2024-03-01, 2016-07-01"
Montagny,2029,2024-03-01
Montet,2089,2024-03-01
Morens,2033,2016-07-01
Morrens,5527,2024-03-01
Mur,5460,2011-01-01
Muri,4236,2024-03-01
Mézières,"2087, 5791","2024-03-01, 2016-04-10"
Mühledorf,"875, 2458","2017-04-02, 2013-04-14"
Münchwilen,"4172, 4746","2024-03-01, 2024-03-01"
Neyruz,2211,2024-03-01
Niederwil,"4072, 2552","2024-03-01, 2010-11-21"
Oberdorf,"2892, 1508, 2553","2024-03-01, 2024-03-01, 2024-03-01"
Oberriet,3254,2024-03-01
Oberwil,2771,2024-03-01
Onnens,5565,2024-03-01
Prato,5078,2024-03-01
Rapperswil,310,2024-03-01
Reinach,"4141, 2773","2024-03-01, 2024-03-01"
Rekingen,4315,2021-07-01
Renan,441,2024-03-01
Renens,5591,2024-03-01
Reute,3035,2024-03-01
Rickenbach,"2857, 1097, 2582, 4751, 225","2024-03-01, 2024-03-01, 2024-03-01, 2024-03-01, 2024-03-01"
Ringgenberg,590,2024-03-01
Roche,5413,2024-03-01
Roches,704,2024-03-01
Roggwil,"337, 4431","2024-03-01, 2024-03-01"
Rohr,2498,2020-10-18
Romont,"442, 2096","2024-03-01, 2024-03-01"
Rossens,2222,2015-01-01
Roveredo,3834,2024-03-01
Rüthi,3256,2024-03-01
Rüti,"1626, 118","2010-11-21, 2024-03-01"
Saint-Aubin,2041,2024-03-01
Saint-Barthélemy,5535,2024-03-01
Saint-Martin,"2335, 6087","2024-03-01, 2024-03-01"
Saint-Saphorin,5610,2024-03-01
Saint-Sulpice,5648,2024-03-01
Saules,707,2024-03-01
Schlatt,"4546, 226","2024-03-01, 2024-03-01"
Schmitten,"2305, 3514","2024-03-01, 2024-03-01"
Schwanden,1627,2010-11-21
Schönenberg,140,2018-04-01
Seedorf,"312, 1214","2024-03-01, 2024-03-01"
Stalden,6293,2024-03-01
Stein,"4260, 3005, 3356","2024-03-01, 2024-03-01, 2012-04-01"
Stetten,"4041, 2919","2024-03-01, 2024-03-01"
Studen,749,2024-03-01
Teufen,3024,2024-03-01
Teufenthal,4145,2024-03-01
Teuffenthal,940,2024-03-01
Thalheim,4117,2024-03-01
Treytorrens,5828,2024-03-01
Veltheim,4120,2024-03-01
Villeneuve,"2047, 5414","2016-07-01, 2024-03-01"
Villette,5612,2011-01-01
Vira,5134,2010-01-01
Wald,"3036, 888, 120","2024-03-01, 2024-03-01, 2024-03-01"
Walterswil,"959, 2585","2024-03-01, 2024-03-01"
Wangen,1349,2024-03-01
Weiningen,251,2024-03-01
Wetzikon,121,2024-03-01
Wil,"3427, 71","2024-03-01, 2024-03-01"
Wilen,4786,2024-03-01
Wiler,6202,2024-03-01
Wisen,2502,2024-03-01
Wohlen,4082,2024-03-01
Zell,"1150, 231","2024-03-01, 2024-03-01"
Zuzwil,"557, 3426","2024-03-01, 2024-03-01"
Appenzello,3101,2024-03-01
Bâle,2701,2024-03-01
Basilea,2701,2024-03-01
Basilea,2701,2024-03-01
Bellinzone,5002,2024-03-01
Berne,351,2024-03-01
Berna,351,2024-03-01
Berna,351,2024-03-01
Biel (BE),371,2024-03-01
Bienne,371,2024-03-01
Bienna,371,2024-03-01
Brigue-Glis,6002,2024-03-01
Briga-Glis,6002,2024-03-01
Berthoud,404,2024-03-01
Coire,3901,2024-03-01
Coira,3901,2024-03-01
Cuira,3901,2024-03-01
Gurwolf,2250,2024-03-01
Delsberg,6711,2024-03-01
Delemunt,6711,2024-03-01
Guin,2293,2024-03-01
Cerlier,492,2024-03-01
Leubringen,372,2024-03-01
Freiburg,2196,2024-03-01
Friburgo,2196,2024-03-01
Friburg,2196,2024-03-01
Champion,495,2024-03-01
Genf,6621,2024-03-01
Ginevra,6621,2024-03-01
Genevra,6621,2024-03-01
Geneva,6621,2024-03-01
Chevrilles,2294,2024-03-01
Glaris,1632,2024-03-01
Glarona,1632,2024-03-01
Glaruna,1632,2024-03-01
Granges (SO),2546,2024-03-01
Greyerz,2135,2024-03-01
Gruyère,2135,2024-03-01
Cormondes,2262,2024-03-01
Anet,496,2024-03-01
Bellegarde,2138,2024-03-01
Chiètres (FR),2265,2024-03-01
Neuenstadt,723,2024-03-01
Laufon,2787,2024-03-01
Losanna,5586,2024-03-01
Losanna,5586,2024-03-01
Longeau,387,2024-03-01
Loèche-Ville,6110,2024-03-01
Loèche-les-Bains,6111,2024-03-01
Gléresse,740,2024-03-01
Lucerne,1061,2024-03-01
Lucerna,1061,2024-03-01
Lucerna,1061,2024-03-01
Lucerne,1061,2024-03-01
Merlach,2271,2024-03-01
Münster (BE),700,2024-03-01
Montilier,2274,2024-03-01
Morat,2275,2024-03-01
Villars-les-Moines,669,2024-03-01
Neuenburg,6458,2024-03-01
Perles,392,2024-03-01
Planfayon,2299,2024-03-01
Pruntrut,6800,2024-03-01
Rarogne,6199,2024-03-01
Dirlaret,2301,2024-03-01
Gessenay,843,2024-03-01
St. Immer,443,2024-03-01
Salquenen,6113,2024-03-01
Schaffhouse,2939,2024-03-01
Sciaffusa,2939,2024-03-01
Schaffusa,2939,2024-03-01
La Scheulte,708,2024-03-01
Svitto,1372,2024-03-01
Sviz,1372,2024-03-01
Siders,6248,2024-03-01
Sempione,6009,2024-03-01
Sitten,6266,2024-03-01
Soleure,2601,2024-03-01
Soletta,2601,2024-03-01
Soloturn,2601,2024-03-01
Saint-Gall,3203,2024-03-01
San Gallo,3203,2024-03-01
Son Gagl,3203,2024-03-01
Saint-Nicolas,6292,2024-03-01
Saint-Silvestre,2303,2024-03-01
Saint-Etienne,793,2024-03-01
Saint-Ours,2304,2024-03-01
Tavel,2306,2024-03-01
Tinterin,2307,2024-03-01
Thoune,942,2024-03-01
Douanne-Daucher,756,2024-03-01
Ormey,2278,2024-03-01
Varone,6116,2024-03-01
Viège,6297,2024-03-01
Winterthour,230,2024-03-01
Zofingue,4289,2024-03-01
Zoug,1711,2024-03-01
Zugo,1711,2024-03-01
Zurich,261,2024-03-01
Zurigo,261,2024-03-01
Turitg,261,2024-03-01
Zurich,261,2024-03-01
